Accident_ID,Severity
1,Highly_Fatal_And_Damaging
10,Minor_Damage_And_Injuries
14,Significant_Damage_And_Serious_Injuries
17,Significant_Damage_And_Serious_Injuries
21,Significant_Damage_And_Serious_Injuries
40,Minor_Damage_And_Injuries
45,Significant_Damage_And_Fatalities
50,Highly_Fatal_And_Damaging
52,Highly_Fatal_And_Damaging
85,Minor_Damage_And_Injuries
95,Highly_Fatal_And_Damaging
106,Highly_Fatal_And_Damaging
111,Highly_Fatal_And_Damaging
123,Highly_Fatal_And_Damaging
129,Significant_Damage_And_Fatalities
130,Significant_Damage_And_Serious_Injuries
132,Significant_Damage_And_Serious_Injuries
137,Minor_Damage_And_Injuries
159,Highly_Fatal_And_Damaging
161,Highly_Fatal_And_Damaging
162,Highly_Fatal_And_Damaging
166,Significant_Damage_And_Serious_Injuries
170,Highly_Fatal_And_Damaging
173,Minor_Damage_And_Injuries
177,Highly_Fatal_And_Damaging
180,Significant_Damage_And_Fatalities
182,Highly_Fatal_And_Damaging
183,Significant_Damage_And_Serious_Injuries
184,Highly_Fatal_And_Damaging
188,Significant_Damage_And_Serious_Injuries
190,Significant_Damage_And_Serious_Injuries
191,Highly_Fatal_And_Damaging
201,Minor_Damage_And_Injuries
203,Highly_Fatal_And_Damaging
206,Minor_Damage_And_Injuries
217,Significant_Damage_And_Serious_Injuries
220,Highly_Fatal_And_Damaging
221,Minor_Damage_And_Injuries
225,Highly_Fatal_And_Damaging
229,Highly_Fatal_And_Damaging
231,Minor_Damage_And_Injuries
232,Significant_Damage_And_Serious_Injuries
234,Significant_Damage_And_Serious_Injuries
236,Significant_Damage_And_Fatalities
237,Significant_Damage_And_Fatalities
240,Highly_Fatal_And_Damaging
245,Minor_Damage_And_Injuries
250,Highly_Fatal_And_Damaging
252,Highly_Fatal_And_Damaging
254,Significant_Damage_And_Serious_Injuries
261,Minor_Damage_And_Injuries
265,Highly_Fatal_And_Damaging
266,Highly_Fatal_And_Damaging
271,Minor_Damage_And_Injuries
273,Minor_Damage_And_Injuries
274,Highly_Fatal_And_Damaging
275,Highly_Fatal_And_Damaging
280,Minor_Damage_And_Injuries
285,Highly_Fatal_And_Damaging
292,Highly_Fatal_And_Damaging
304,Significant_Damage_And_Serious_Injuries
311,Minor_Damage_And_Injuries
316,Significant_Damage_And_Fatalities
317,Highly_Fatal_And_Damaging
318,Significant_Damage_And_Serious_Injuries
321,Significant_Damage_And_Serious_Injuries
322,Highly_Fatal_And_Damaging
327,Significant_Damage_And_Fatalities
332,Highly_Fatal_And_Damaging
338,Significant_Damage_And_Serious_Injuries
356,Highly_Fatal_And_Damaging
364,Highly_Fatal_And_Damaging
372,Highly_Fatal_And_Damaging
379,Significant_Damage_And_Serious_Injuries
380,Significant_Damage_And_Serious_Injuries
384,Significant_Damage_And_Serious_Injuries
388,Significant_Damage_And_Serious_Injuries
390,Minor_Damage_And_Injuries
401,Highly_Fatal_And_Damaging
408,Significant_Damage_And_Serious_Injuries
413,Significant_Damage_And_Serious_Injuries
416,Minor_Damage_And_Injuries
426,Highly_Fatal_And_Damaging
428,Minor_Damage_And_Injuries
432,Significant_Damage_And_Serious_Injuries
433,Minor_Damage_And_Injuries
437,Minor_Damage_And_Injuries
440,Minor_Damage_And_Injuries
444,Highly_Fatal_And_Damaging
447,Highly_Fatal_And_Damaging
451,Minor_Damage_And_Injuries
461,Significant_Damage_And_Serious_Injuries
469,Highly_Fatal_And_Damaging
470,Minor_Damage_And_Injuries
481,Minor_Damage_And_Injuries
483,Significant_Damage_And_Fatalities
490,Significant_Damage_And_Fatalities
491,Highly_Fatal_And_Damaging
494,Highly_Fatal_And_Damaging
495,Significant_Damage_And_Serious_Injuries
497,Minor_Damage_And_Injuries
504,Highly_Fatal_And_Damaging
509,Highly_Fatal_And_Damaging
511,Minor_Damage_And_Injuries
513,Highly_Fatal_And_Damaging
514,Significant_Damage_And_Serious_Injuries
518,Minor_Damage_And_Injuries
520,Highly_Fatal_And_Damaging
526,Minor_Damage_And_Injuries
529,Highly_Fatal_And_Damaging
530,Significant_Damage_And_Serious_Injuries
532,Significant_Damage_And_Serious_Injuries
536,Highly_Fatal_And_Damaging
543,Highly_Fatal_And_Damaging
553,Highly_Fatal_And_Damaging
559,Minor_Damage_And_Injuries
561,Minor_Damage_And_Injuries
563,Highly_Fatal_And_Damaging
566,Highly_Fatal_And_Damaging
593,Minor_Damage_And_Injuries
595,Significant_Damage_And_Serious_Injuries
597,Significant_Damage_And_Fatalities
602,Significant_Damage_And_Serious_Injuries
604,Highly_Fatal_And_Damaging
615,Significant_Damage_And_Fatalities
617,Minor_Damage_And_Injuries
618,Highly_Fatal_And_Damaging
622,Minor_Damage_And_Injuries
626,Significant_Damage_And_Serious_Injuries
633,Minor_Damage_And_Injuries
636,Highly_Fatal_And_Damaging
642,Highly_Fatal_And_Damaging
648,Significant_Damage_And_Serious_Injuries
651,Significant_Damage_And_Serious_Injuries
653,Highly_Fatal_And_Damaging
658,Significant_Damage_And_Serious_Injuries
659,Minor_Damage_And_Injuries
660,Highly_Fatal_And_Damaging
662,Highly_Fatal_And_Damaging
665,Significant_Damage_And_Serious_Injuries
674,Highly_Fatal_And_Damaging
676,Minor_Damage_And_Injuries
682,Minor_Damage_And_Injuries
686,Significant_Damage_And_Serious_Injuries
687,Highly_Fatal_And_Damaging
692,Significant_Damage_And_Serious_Injuries
699,Minor_Damage_And_Injuries
703,Highly_Fatal_And_Damaging
706,Highly_Fatal_And_Damaging
708,Significant_Damage_And_Fatalities
714,Highly_Fatal_And_Damaging
719,Minor_Damage_And_Injuries
721,Significant_Damage_And_Fatalities
725,Significant_Damage_And_Serious_Injuries
728,Significant_Damage_And_Serious_Injuries
733,Highly_Fatal_And_Damaging
735,Highly_Fatal_And_Damaging
736,Highly_Fatal_And_Damaging
745,Highly_Fatal_And_Damaging
762,Highly_Fatal_And_Damaging
768,Highly_Fatal_And_Damaging
773,Highly_Fatal_And_Damaging
777,Minor_Damage_And_Injuries
781,Minor_Damage_And_Injuries
782,Highly_Fatal_And_Damaging
797,Minor_Damage_And_Injuries
801,Minor_Damage_And_Injuries
815,Highly_Fatal_And_Damaging
818,Highly_Fatal_And_Damaging
824,Highly_Fatal_And_Damaging
832,Significant_Damage_And_Serious_Injuries
834,Highly_Fatal_And_Damaging
842,Significant_Damage_And_Fatalities
850,Highly_Fatal_And_Damaging
855,Highly_Fatal_And_Damaging
860,Significant_Damage_And_Fatalities
865,Highly_Fatal_And_Damaging
867,Significant_Damage_And_Fatalities
868,Significant_Damage_And_Fatalities
873,Highly_Fatal_And_Damaging
876,Highly_Fatal_And_Damaging
882,Minor_Damage_And_Injuries
886,Highly_Fatal_And_Damaging
887,Highly_Fatal_And_Damaging
888,Highly_Fatal_And_Damaging
889,Highly_Fatal_And_Damaging
898,Significant_Damage_And_Fatalities
902,Minor_Damage_And_Injuries
908,Highly_Fatal_And_Damaging
909,Significant_Damage_And_Serious_Injuries
914,Highly_Fatal_And_Damaging
927,Minor_Damage_And_Injuries
940,Minor_Damage_And_Injuries
944,Significant_Damage_And_Fatalities
950,Highly_Fatal_And_Damaging
951,Highly_Fatal_And_Damaging
953,Highly_Fatal_And_Damaging
956,Highly_Fatal_And_Damaging
967,Minor_Damage_And_Injuries
977,Minor_Damage_And_Injuries
978,Highly_Fatal_And_Damaging
979,Highly_Fatal_And_Damaging
982,Minor_Damage_And_Injuries
989,Highly_Fatal_And_Damaging
990,Minor_Damage_And_Injuries
999,Significant_Damage_And_Serious_Injuries
1005,Minor_Damage_And_Injuries
1011,Significant_Damage_And_Serious_Injuries
1013,Significant_Damage_And_Serious_Injuries
1015,Significant_Damage_And_Serious_Injuries
1018,Highly_Fatal_And_Damaging
1021,Minor_Damage_And_Injuries
1022,Minor_Damage_And_Injuries
1024,Highly_Fatal_And_Damaging
1025,Highly_Fatal_And_Damaging
1031,Highly_Fatal_And_Damaging
1036,Significant_Damage_And_Serious_Injuries
1048,Highly_Fatal_And_Damaging
1050,Minor_Damage_And_Injuries
1055,Significant_Damage_And_Fatalities
1057,Highly_Fatal_And_Damaging
1072,Minor_Damage_And_Injuries
1075,Highly_Fatal_And_Damaging
1082,Highly_Fatal_And_Damaging
1102,Significant_Damage_And_Serious_Injuries
1103,Significant_Damage_And_Serious_Injuries
1109,Highly_Fatal_And_Damaging
1114,Significant_Damage_And_Serious_Injuries
1116,Highly_Fatal_And_Damaging
1123,Significant_Damage_And_Serious_Injuries
1127,Minor_Damage_And_Injuries
1135,Highly_Fatal_And_Damaging
1143,Highly_Fatal_And_Damaging
1144,Significant_Damage_And_Serious_Injuries
1147,Highly_Fatal_And_Damaging
1149,Significant_Damage_And_Fatalities
1155,Minor_Damage_And_Injuries
1158,Minor_Damage_And_Injuries
1160,Highly_Fatal_And_Damaging
1164,Significant_Damage_And_Fatalities
1170,Highly_Fatal_And_Damaging
1175,Minor_Damage_And_Injuries
1179,Highly_Fatal_And_Damaging
1186,Significant_Damage_And_Serious_Injuries
1193,Minor_Damage_And_Injuries
1197,Significant_Damage_And_Serious_Injuries
1198,Significant_Damage_And_Serious_Injuries
1207,Highly_Fatal_And_Damaging
1213,Highly_Fatal_And_Damaging
1217,Highly_Fatal_And_Damaging
1226,Minor_Damage_And_Injuries
1227,Highly_Fatal_And_Damaging
1234,Highly_Fatal_And_Damaging
1238,Significant_Damage_And_Serious_Injuries
1240,Highly_Fatal_And_Damaging
1242,Significant_Damage_And_Serious_Injuries
1250,Highly_Fatal_And_Damaging
1251,Highly_Fatal_And_Damaging
1256,Significant_Damage_And_Serious_Injuries
1258,Significant_Damage_And_Serious_Injuries
1269,Significant_Damage_And_Fatalities
1270,Significant_Damage_And_Serious_Injuries
1271,Highly_Fatal_And_Damaging
1272,Highly_Fatal_And_Damaging
1279,Minor_Damage_And_Injuries
1282,Significant_Damage_And_Serious_Injuries
1284,Highly_Fatal_And_Damaging
1285,Highly_Fatal_And_Damaging
1286,Minor_Damage_And_Injuries
1294,Significant_Damage_And_Fatalities
1305,Significant_Damage_And_Fatalities
1310,Highly_Fatal_And_Damaging
1312,Minor_Damage_And_Injuries
1325,Minor_Damage_And_Injuries
1333,Minor_Damage_And_Injuries
1343,Highly_Fatal_And_Damaging
1347,Significant_Damage_And_Fatalities
1348,Minor_Damage_And_Injuries
1350,Minor_Damage_And_Injuries
1355,Minor_Damage_And_Injuries
1357,Highly_Fatal_And_Damaging
1371,Minor_Damage_And_Injuries
1378,Minor_Damage_And_Injuries
1393,Significant_Damage_And_Fatalities
1398,Highly_Fatal_And_Damaging
1405,Significant_Damage_And_Serious_Injuries
1406,Significant_Damage_And_Serious_Injuries
1407,Significant_Damage_And_Serious_Injuries
1421,Highly_Fatal_And_Damaging
1431,Significant_Damage_And_Serious_Injuries
1432,Minor_Damage_And_Injuries
1437,Minor_Damage_And_Injuries
1439,Highly_Fatal_And_Damaging
1440,Highly_Fatal_And_Damaging
1441,Significant_Damage_And_Fatalities
1442,Significant_Damage_And_Serious_Injuries
1448,Minor_Damage_And_Injuries
1450,Minor_Damage_And_Injuries
1453,Minor_Damage_And_Injuries
1454,Highly_Fatal_And_Damaging
1460,Highly_Fatal_And_Damaging
1461,Significant_Damage_And_Serious_Injuries
1473,Significant_Damage_And_Serious_Injuries
1481,Minor_Damage_And_Injuries
1488,Significant_Damage_And_Fatalities
1499,Highly_Fatal_And_Damaging
1502,Significant_Damage_And_Serious_Injuries
1505,Highly_Fatal_And_Damaging
1511,Significant_Damage_And_Serious_Injuries
1516,Significant_Damage_And_Serious_Injuries
1523,Highly_Fatal_And_Damaging
1527,Highly_Fatal_And_Damaging
1560,Significant_Damage_And_Serious_Injuries
1566,Minor_Damage_And_Injuries
1567,Significant_Damage_And_Serious_Injuries
1568,Highly_Fatal_And_Damaging
1569,Highly_Fatal_And_Damaging
1570,Minor_Damage_And_Injuries
1576,Minor_Damage_And_Injuries
1589,Significant_Damage_And_Serious_Injuries
1592,Minor_Damage_And_Injuries
1598,Highly_Fatal_And_Damaging
1599,Minor_Damage_And_Injuries
1600,Significant_Damage_And_Serious_Injuries
1607,Highly_Fatal_And_Damaging
1608,Significant_Damage_And_Serious_Injuries
1611,Significant_Damage_And_Serious_Injuries
1613,Significant_Damage_And_Fatalities
1623,Highly_Fatal_And_Damaging
1647,Significant_Damage_And_Fatalities
1649,Significant_Damage_And_Serious_Injuries
1658,Highly_Fatal_And_Damaging
1662,Highly_Fatal_And_Damaging
1668,Significant_Damage_And_Serious_Injuries
1676,Highly_Fatal_And_Damaging
1678,Highly_Fatal_And_Damaging
1682,Highly_Fatal_And_Damaging
1690,Significant_Damage_And_Fatalities
1701,Minor_Damage_And_Injuries
1710,Minor_Damage_And_Injuries
1723,Minor_Damage_And_Injuries
1725,Highly_Fatal_And_Damaging
1747,Significant_Damage_And_Serious_Injuries
1748,Significant_Damage_And_Serious_Injuries
1754,Highly_Fatal_And_Damaging
1756,Highly_Fatal_And_Damaging
1757,Minor_Damage_And_Injuries
1770,Highly_Fatal_And_Damaging
1774,Highly_Fatal_And_Damaging
1776,Significant_Damage_And_Serious_Injuries
1789,Highly_Fatal_And_Damaging
1794,Minor_Damage_And_Injuries
1804,Highly_Fatal_And_Damaging
1806,Minor_Damage_And_Injuries
1807,Highly_Fatal_And_Damaging
1811,Highly_Fatal_And_Damaging
1814,Highly_Fatal_And_Damaging
1826,Significant_Damage_And_Serious_Injuries
1832,Highly_Fatal_And_Damaging
1835,Minor_Damage_And_Injuries
1839,Highly_Fatal_And_Damaging
1840,Significant_Damage_And_Fatalities
1848,Significant_Damage_And_Serious_Injuries
1849,Highly_Fatal_And_Damaging
1850,Minor_Damage_And_Injuries
1854,Highly_Fatal_And_Damaging
1861,Highly_Fatal_And_Damaging
1866,Highly_Fatal_And_Damaging
1868,Minor_Damage_And_Injuries
1872,Significant_Damage_And_Serious_Injuries
1875,Significant_Damage_And_Serious_Injuries
1877,Highly_Fatal_And_Damaging
1879,Significant_Damage_And_Fatalities
1880,Highly_Fatal_And_Damaging
1892,Significant_Damage_And_Fatalities
1896,Highly_Fatal_And_Damaging
1898,Highly_Fatal_And_Damaging
1899,Highly_Fatal_And_Damaging
1903,Significant_Damage_And_Serious_Injuries
1909,Minor_Damage_And_Injuries
1912,Highly_Fatal_And_Damaging
1920,Significant_Damage_And_Fatalities
1933,Minor_Damage_And_Injuries
1940,Minor_Damage_And_Injuries
1941,Highly_Fatal_And_Damaging
1944,Highly_Fatal_And_Damaging
1946,Minor_Damage_And_Injuries
1950,Significant_Damage_And_Serious_Injuries
1955,Significant_Damage_And_Serious_Injuries
1957,Significant_Damage_And_Fatalities
1958,Significant_Damage_And_Serious_Injuries
1965,Minor_Damage_And_Injuries
1971,Highly_Fatal_And_Damaging
1974,Highly_Fatal_And_Damaging
1980,Highly_Fatal_And_Damaging
1984,Highly_Fatal_And_Damaging
1990,Significant_Damage_And_Fatalities
1991,Highly_Fatal_And_Damaging
1994,Minor_Damage_And_Injuries
1997,Highly_Fatal_And_Damaging
2006,Highly_Fatal_And_Damaging
2008,Significant_Damage_And_Serious_Injuries
2013,Significant_Damage_And_Serious_Injuries
2015,Significant_Damage_And_Serious_Injuries
2016,Minor_Damage_And_Injuries
2021,Highly_Fatal_And_Damaging
2023,Significant_Damage_And_Fatalities
2038,Minor_Damage_And_Injuries
2040,Significant_Damage_And_Serious_Injuries
2048,Minor_Damage_And_Injuries
2063,Significant_Damage_And_Serious_Injuries
2073,Significant_Damage_And_Serious_Injuries
2075,Minor_Damage_And_Injuries
2081,Highly_Fatal_And_Damaging
2082,Highly_Fatal_And_Damaging
2086,Significant_Damage_And_Serious_Injuries
2090,Minor_Damage_And_Injuries
2091,Highly_Fatal_And_Damaging
2094,Significant_Damage_And_Serious_Injuries
2096,Significant_Damage_And_Serious_Injuries
2097,Highly_Fatal_And_Damaging
2101,Highly_Fatal_And_Damaging
2103,Minor_Damage_And_Injuries
2106,Minor_Damage_And_Injuries
2107,Significant_Damage_And_Fatalities
2113,Significant_Damage_And_Serious_Injuries
2122,Significant_Damage_And_Serious_Injuries
2123,Highly_Fatal_And_Damaging
2132,Minor_Damage_And_Injuries
2134,Significant_Damage_And_Serious_Injuries
2141,Highly_Fatal_And_Damaging
2145,Highly_Fatal_And_Damaging
2147,Significant_Damage_And_Fatalities
2149,Significant_Damage_And_Serious_Injuries
2155,Significant_Damage_And_Serious_Injuries
2161,Significant_Damage_And_Serious_Injuries
2177,Highly_Fatal_And_Damaging
2179,Highly_Fatal_And_Damaging
2182,Significant_Damage_And_Fatalities
2192,Minor_Damage_And_Injuries
2195,Significant_Damage_And_Fatalities
2196,Significant_Damage_And_Serious_Injuries
2197,Highly_Fatal_And_Damaging
2199,Significant_Damage_And_Serious_Injuries
2204,Highly_Fatal_And_Damaging
2206,Highly_Fatal_And_Damaging
2212,Highly_Fatal_And_Damaging
2215,Highly_Fatal_And_Damaging
2217,Highly_Fatal_And_Damaging
2220,Minor_Damage_And_Injuries
2222,Highly_Fatal_And_Damaging
2227,Significant_Damage_And_Serious_Injuries
2239,Highly_Fatal_And_Damaging
2241,Minor_Damage_And_Injuries
2246,Highly_Fatal_And_Damaging
2254,Significant_Damage_And_Serious_Injuries
2255,Highly_Fatal_And_Damaging
2259,Highly_Fatal_And_Damaging
2263,Significant_Damage_And_Serious_Injuries
2264,Highly_Fatal_And_Damaging
2269,Minor_Damage_And_Injuries
2281,Significant_Damage_And_Serious_Injuries
2284,Significant_Damage_And_Serious_Injuries
2285,Significant_Damage_And_Fatalities
2292,Minor_Damage_And_Injuries
2293,Significant_Damage_And_Fatalities
2299,Highly_Fatal_And_Damaging
2301,Highly_Fatal_And_Damaging
2302,Highly_Fatal_And_Damaging
2303,Significant_Damage_And_Serious_Injuries
2307,Minor_Damage_And_Injuries
2315,Highly_Fatal_And_Damaging
2316,Highly_Fatal_And_Damaging
2317,Highly_Fatal_And_Damaging
2320,Highly_Fatal_And_Damaging
2322,Highly_Fatal_And_Damaging
2334,Highly_Fatal_And_Damaging
2336,Minor_Damage_And_Injuries
2342,Highly_Fatal_And_Damaging
2343,Significant_Damage_And_Fatalities
2349,Significant_Damage_And_Serious_Injuries
2354,Minor_Damage_And_Injuries
2357,Significant_Damage_And_Serious_Injuries
2364,Highly_Fatal_And_Damaging
2370,Highly_Fatal_And_Damaging
2379,Significant_Damage_And_Serious_Injuries
2389,Significant_Damage_And_Serious_Injuries
2400,Minor_Damage_And_Injuries
2402,Highly_Fatal_And_Damaging
2406,Significant_Damage_And_Serious_Injuries
2427,Minor_Damage_And_Injuries
2429,Significant_Damage_And_Serious_Injuries
2435,Significant_Damage_And_Serious_Injuries
2438,Highly_Fatal_And_Damaging
2439,Highly_Fatal_And_Damaging
2449,Minor_Damage_And_Injuries
2454,Highly_Fatal_And_Damaging
2455,Significant_Damage_And_Fatalities
2462,Highly_Fatal_And_Damaging
2471,Significant_Damage_And_Serious_Injuries
2472,Significant_Damage_And_Serious_Injuries
2475,Highly_Fatal_And_Damaging
2476,Highly_Fatal_And_Damaging
2483,Minor_Damage_And_Injuries
2485,Significant_Damage_And_Fatalities
2488,Highly_Fatal_And_Damaging
2492,Highly_Fatal_And_Damaging
2494,Significant_Damage_And_Serious_Injuries
2504,Highly_Fatal_And_Damaging
2510,Significant_Damage_And_Serious_Injuries
2516,Highly_Fatal_And_Damaging
2517,Minor_Damage_And_Injuries
2519,Minor_Damage_And_Injuries
2527,Minor_Damage_And_Injuries
2529,Minor_Damage_And_Injuries
2540,Significant_Damage_And_Fatalities
2546,Significant_Damage_And_Fatalities
2553,Minor_Damage_And_Injuries
2554,Highly_Fatal_And_Damaging
2558,Highly_Fatal_And_Damaging
2572,Highly_Fatal_And_Damaging
2585,Highly_Fatal_And_Damaging
2587,Minor_Damage_And_Injuries
2597,Highly_Fatal_And_Damaging
2599,Minor_Damage_And_Injuries
2600,Highly_Fatal_And_Damaging
2601,Highly_Fatal_And_Damaging
2608,Minor_Damage_And_Injuries
2613,Highly_Fatal_And_Damaging
2616,Minor_Damage_And_Injuries
2619,Highly_Fatal_And_Damaging
2620,Minor_Damage_And_Injuries
2621,Highly_Fatal_And_Damaging
2622,Significant_Damage_And_Fatalities
2623,Significant_Damage_And_Serious_Injuries
2634,Highly_Fatal_And_Damaging
2636,Highly_Fatal_And_Damaging
2640,Minor_Damage_And_Injuries
2643,Significant_Damage_And_Fatalities
2646,Highly_Fatal_And_Damaging
2651,Highly_Fatal_And_Damaging
2653,Significant_Damage_And_Serious_Injuries
2654,Highly_Fatal_And_Damaging
2657,Significant_Damage_And_Fatalities
2658,Highly_Fatal_And_Damaging
2664,Significant_Damage_And_Serious_Injuries
2667,Highly_Fatal_And_Damaging
2668,Highly_Fatal_And_Damaging
2680,Significant_Damage_And_Fatalities
2682,Minor_Damage_And_Injuries
2692,Significant_Damage_And_Serious_Injuries
2693,Significant_Damage_And_Serious_Injuries
2695,Highly_Fatal_And_Damaging
2697,Highly_Fatal_And_Damaging
2698,Highly_Fatal_And_Damaging
2703,Highly_Fatal_And_Damaging
2718,Highly_Fatal_And_Damaging
2728,Highly_Fatal_And_Damaging
2729,Highly_Fatal_And_Damaging
2736,Significant_Damage_And_Serious_Injuries
2737,Significant_Damage_And_Serious_Injuries
2738,Highly_Fatal_And_Damaging
2739,Highly_Fatal_And_Damaging
2746,Significant_Damage_And_Serious_Injuries
2750,Highly_Fatal_And_Damaging
2755,Significant_Damage_And_Serious_Injuries
2764,Significant_Damage_And_Fatalities
2767,Minor_Damage_And_Injuries
2769,Highly_Fatal_And_Damaging
2772,Highly_Fatal_And_Damaging
2777,Highly_Fatal_And_Damaging
2778,Significant_Damage_And_Serious_Injuries
2779,Highly_Fatal_And_Damaging
2780,Significant_Damage_And_Fatalities
2785,Significant_Damage_And_Serious_Injuries
2793,Significant_Damage_And_Serious_Injuries
2801,Highly_Fatal_And_Damaging
2814,Minor_Damage_And_Injuries
2821,Highly_Fatal_And_Damaging
2828,Highly_Fatal_And_Damaging
2834,Minor_Damage_And_Injuries
2844,Minor_Damage_And_Injuries
2848,Highly_Fatal_And_Damaging
2850,Highly_Fatal_And_Damaging
2852,Highly_Fatal_And_Damaging
2860,Highly_Fatal_And_Damaging
2861,Significant_Damage_And_Serious_Injuries
2864,Significant_Damage_And_Serious_Injuries
2868,Highly_Fatal_And_Damaging
2886,Significant_Damage_And_Serious_Injuries
2887,Highly_Fatal_And_Damaging
2890,Minor_Damage_And_Injuries
2892,Highly_Fatal_And_Damaging
2907,Minor_Damage_And_Injuries
2908,Significant_Damage_And_Serious_Injuries
2909,Significant_Damage_And_Serious_Injuries
2914,Minor_Damage_And_Injuries
2917,Significant_Damage_And_Serious_Injuries
2923,Significant_Damage_And_Serious_Injuries
2924,Significant_Damage_And_Fatalities
2934,Minor_Damage_And_Injuries
2937,Highly_Fatal_And_Damaging
2945,Minor_Damage_And_Injuries
2948,Significant_Damage_And_Serious_Injuries
2950,Highly_Fatal_And_Damaging
2953,Significant_Damage_And_Serious_Injuries
2955,Highly_Fatal_And_Damaging
2959,Significant_Damage_And_Serious_Injuries
2971,Significant_Damage_And_Serious_Injuries
2974,Significant_Damage_And_Serious_Injuries
2987,Highly_Fatal_And_Damaging
2994,Significant_Damage_And_Fatalities
2995,Minor_Damage_And_Injuries
3003,Significant_Damage_And_Serious_Injuries
3013,Highly_Fatal_And_Damaging
3014,Highly_Fatal_And_Damaging
3015,Significant_Damage_And_Serious_Injuries
3028,Highly_Fatal_And_Damaging
3041,Minor_Damage_And_Injuries
3053,Highly_Fatal_And_Damaging
3057,Highly_Fatal_And_Damaging
3059,Minor_Damage_And_Injuries
3060,Minor_Damage_And_Injuries
3069,Highly_Fatal_And_Damaging
3071,Minor_Damage_And_Injuries
3072,Highly_Fatal_And_Damaging
3082,Minor_Damage_And_Injuries
3084,Significant_Damage_And_Serious_Injuries
3086,Minor_Damage_And_Injuries
3098,Minor_Damage_And_Injuries
3100,Significant_Damage_And_Serious_Injuries
3102,Highly_Fatal_And_Damaging
3110,Minor_Damage_And_Injuries
3111,Highly_Fatal_And_Damaging
3118,Minor_Damage_And_Injuries
3119,Minor_Damage_And_Injuries
3125,Highly_Fatal_And_Damaging
3133,Highly_Fatal_And_Damaging
3136,Minor_Damage_And_Injuries
3141,Highly_Fatal_And_Damaging
3149,Minor_Damage_And_Injuries
3150,Highly_Fatal_And_Damaging
3155,Highly_Fatal_And_Damaging
3156,Significant_Damage_And_Fatalities
3160,Significant_Damage_And_Serious_Injuries
3163,Minor_Damage_And_Injuries
3175,Highly_Fatal_And_Damaging
3180,Significant_Damage_And_Serious_Injuries
3188,Significant_Damage_And_Fatalities
3192,Significant_Damage_And_Serious_Injuries
3193,Significant_Damage_And_Serious_Injuries
3197,Highly_Fatal_And_Damaging
3201,Minor_Damage_And_Injuries
3204,Highly_Fatal_And_Damaging
3206,Highly_Fatal_And_Damaging
3210,Minor_Damage_And_Injuries
3212,Highly_Fatal_And_Damaging
3216,Highly_Fatal_And_Damaging
3239,Highly_Fatal_And_Damaging
3240,Significant_Damage_And_Fatalities
3246,Highly_Fatal_And_Damaging
3247,Highly_Fatal_And_Damaging
3252,Significant_Damage_And_Serious_Injuries
3259,Minor_Damage_And_Injuries
3262,Highly_Fatal_And_Damaging
3264,Highly_Fatal_And_Damaging
3275,Significant_Damage_And_Serious_Injuries
3280,Significant_Damage_And_Fatalities
3282,Significant_Damage_And_Serious_Injuries
3289,Significant_Damage_And_Serious_Injuries
3294,Significant_Damage_And_Serious_Injuries
3297,Significant_Damage_And_Fatalities
3299,Highly_Fatal_And_Damaging
3302,Significant_Damage_And_Serious_Injuries
3308,Highly_Fatal_And_Damaging
3311,Highly_Fatal_And_Damaging
3315,Minor_Damage_And_Injuries
3317,Highly_Fatal_And_Damaging
3319,Minor_Damage_And_Injuries
3326,Highly_Fatal_And_Damaging
3330,Significant_Damage_And_Serious_Injuries
3331,Minor_Damage_And_Injuries
3333,Minor_Damage_And_Injuries
3337,Minor_Damage_And_Injuries
3344,Minor_Damage_And_Injuries
3359,Significant_Damage_And_Fatalities
3369,Highly_Fatal_And_Damaging
3372,Highly_Fatal_And_Damaging
3373,Minor_Damage_And_Injuries
3374,Significant_Damage_And_Fatalities
3384,Significant_Damage_And_Serious_Injuries
3385,Significant_Damage_And_Serious_Injuries
3395,Significant_Damage_And_Fatalities
3399,Significant_Damage_And_Serious_Injuries
3401,Significant_Damage_And_Fatalities
3406,Minor_Damage_And_Injuries
3410,Highly_Fatal_And_Damaging
3420,Minor_Damage_And_Injuries
3422,Highly_Fatal_And_Damaging
3428,Significant_Damage_And_Serious_Injuries
3431,Highly_Fatal_And_Damaging
3434,Minor_Damage_And_Injuries
3436,Significant_Damage_And_Serious_Injuries
3440,Minor_Damage_And_Injuries
3443,Significant_Damage_And_Fatalities
3451,Significant_Damage_And_Serious_Injuries
3454,Highly_Fatal_And_Damaging
3455,Significant_Damage_And_Serious_Injuries
3456,Highly_Fatal_And_Damaging
3462,Significant_Damage_And_Serious_Injuries
3463,Minor_Damage_And_Injuries
3464,Significant_Damage_And_Fatalities
3470,Minor_Damage_And_Injuries
3477,Significant_Damage_And_Serious_Injuries
3485,Highly_Fatal_And_Damaging
3486,Highly_Fatal_And_Damaging
3489,Minor_Damage_And_Injuries
3490,Significant_Damage_And_Serious_Injuries
3501,Highly_Fatal_And_Damaging
3503,Minor_Damage_And_Injuries
3510,Significant_Damage_And_Fatalities
3517,Highly_Fatal_And_Damaging
3518,Highly_Fatal_And_Damaging
3525,Significant_Damage_And_Serious_Injuries
3526,Minor_Damage_And_Injuries
3530,Significant_Damage_And_Fatalities
3532,Minor_Damage_And_Injuries
3546,Significant_Damage_And_Fatalities
3548,Significant_Damage_And_Serious_Injuries
3568,Highly_Fatal_And_Damaging
3571,Highly_Fatal_And_Damaging
3573,Minor_Damage_And_Injuries
3577,Highly_Fatal_And_Damaging
3587,Minor_Damage_And_Injuries
3596,Significant_Damage_And_Serious_Injuries
3604,Significant_Damage_And_Serious_Injuries
3606,Highly_Fatal_And_Damaging
3613,Significant_Damage_And_Fatalities
3620,Significant_Damage_And_Fatalities
3632,Significant_Damage_And_Serious_Injuries
3638,Significant_Damage_And_Fatalities
3640,Highly_Fatal_And_Damaging
3643,Minor_Damage_And_Injuries
3644,Highly_Fatal_And_Damaging
3645,Highly_Fatal_And_Damaging
3648,Highly_Fatal_And_Damaging
3657,Highly_Fatal_And_Damaging
3665,Significant_Damage_And_Serious_Injuries
3670,Highly_Fatal_And_Damaging
3674,Significant_Damage_And_Serious_Injuries
3686,Highly_Fatal_And_Damaging
3687,Highly_Fatal_And_Damaging
3692,Highly_Fatal_And_Damaging
3694,Highly_Fatal_And_Damaging
3698,Highly_Fatal_And_Damaging
3701,Significant_Damage_And_Fatalities
3725,Highly_Fatal_And_Damaging
3728,Highly_Fatal_And_Damaging
3729,Minor_Damage_And_Injuries
3733,Significant_Damage_And_Serious_Injuries
3743,Significant_Damage_And_Serious_Injuries
3746,Minor_Damage_And_Injuries
3747,Significant_Damage_And_Serious_Injuries
3748,Significant_Damage_And_Serious_Injuries
3749,Minor_Damage_And_Injuries
3752,Highly_Fatal_And_Damaging
3760,Minor_Damage_And_Injuries
3761,Highly_Fatal_And_Damaging
3762,Highly_Fatal_And_Damaging
3765,Highly_Fatal_And_Damaging
3767,Minor_Damage_And_Injuries
3775,Significant_Damage_And_Serious_Injuries
3780,Significant_Damage_And_Serious_Injuries
3790,Significant_Damage_And_Serious_Injuries
3794,Highly_Fatal_And_Damaging
3795,Highly_Fatal_And_Damaging
3806,Highly_Fatal_And_Damaging
3807,Highly_Fatal_And_Damaging
3809,Minor_Damage_And_Injuries
3810,Minor_Damage_And_Injuries
3811,Highly_Fatal_And_Damaging
3812,Significant_Damage_And_Serious_Injuries
3818,Minor_Damage_And_Injuries
3820,Highly_Fatal_And_Damaging
3821,Minor_Damage_And_Injuries
3827,Highly_Fatal_And_Damaging
3835,Significant_Damage_And_Serious_Injuries
3836,Significant_Damage_And_Serious_Injuries
3839,Significant_Damage_And_Serious_Injuries
3841,Highly_Fatal_And_Damaging
3842,Highly_Fatal_And_Damaging
3845,Significant_Damage_And_Fatalities
3854,Significant_Damage_And_Serious_Injuries
3855,Significant_Damage_And_Serious_Injuries
3856,Highly_Fatal_And_Damaging
3863,Significant_Damage_And_Serious_Injuries
3865,Minor_Damage_And_Injuries
3878,Highly_Fatal_And_Damaging
3887,Minor_Damage_And_Injuries
3888,Highly_Fatal_And_Damaging
3889,Highly_Fatal_And_Damaging
3892,Highly_Fatal_And_Damaging
3897,Significant_Damage_And_Serious_Injuries
3911,Significant_Damage_And_Serious_Injuries
3912,Highly_Fatal_And_Damaging
3914,Minor_Damage_And_Injuries
3928,Minor_Damage_And_Injuries
3929,Minor_Damage_And_Injuries
3933,Significant_Damage_And_Serious_Injuries
3941,Highly_Fatal_And_Damaging
3943,Minor_Damage_And_Injuries
3954,Minor_Damage_And_Injuries
3960,Minor_Damage_And_Injuries
3962,Significant_Damage_And_Serious_Injuries
3965,Highly_Fatal_And_Damaging
3967,Significant_Damage_And_Serious_Injuries
3968,Minor_Damage_And_Injuries
3980,Highly_Fatal_And_Damaging
3987,Highly_Fatal_And_Damaging
3989,Highly_Fatal_And_Damaging
3990,Minor_Damage_And_Injuries
3997,Highly_Fatal_And_Damaging
4000,Significant_Damage_And_Serious_Injuries
4002,Highly_Fatal_And_Damaging
4006,Highly_Fatal_And_Damaging
4007,Highly_Fatal_And_Damaging
4019,Significant_Damage_And_Serious_Injuries
4024,Highly_Fatal_And_Damaging
4026,Minor_Damage_And_Injuries
4027,Highly_Fatal_And_Damaging
4032,Highly_Fatal_And_Damaging
4039,Highly_Fatal_And_Damaging
4040,Significant_Damage_And_Serious_Injuries
4047,Highly_Fatal_And_Damaging
4048,Highly_Fatal_And_Damaging
4049,Highly_Fatal_And_Damaging
4050,Minor_Damage_And_Injuries
4061,Highly_Fatal_And_Damaging
4062,Minor_Damage_And_Injuries
4063,Minor_Damage_And_Injuries
4070,Highly_Fatal_And_Damaging
4090,Significant_Damage_And_Serious_Injuries
4094,Minor_Damage_And_Injuries
4098,Highly_Fatal_And_Damaging
4099,Minor_Damage_And_Injuries
4100,Significant_Damage_And_Serious_Injuries
4108,Significant_Damage_And_Serious_Injuries
4120,Significant_Damage_And_Serious_Injuries
4129,Highly_Fatal_And_Damaging
4133,Significant_Damage_And_Serious_Injuries
4134,Highly_Fatal_And_Damaging
4136,Highly_Fatal_And_Damaging
4139,Highly_Fatal_And_Damaging
4148,Significant_Damage_And_Serious_Injuries
4152,Highly_Fatal_And_Damaging
4153,Highly_Fatal_And_Damaging
4157,Highly_Fatal_And_Damaging
4162,Highly_Fatal_And_Damaging
4169,Highly_Fatal_And_Damaging
4176,Significant_Damage_And_Serious_Injuries
4181,Significant_Damage_And_Serious_Injuries
4189,Significant_Damage_And_Fatalities
4192,Highly_Fatal_And_Damaging
4198,Minor_Damage_And_Injuries
4207,Significant_Damage_And_Fatalities
4208,Significant_Damage_And_Serious_Injuries
4211,Highly_Fatal_And_Damaging
4218,Minor_Damage_And_Injuries
4223,Highly_Fatal_And_Damaging
4232,Highly_Fatal_And_Damaging
4234,Highly_Fatal_And_Damaging
4246,Highly_Fatal_And_Damaging
4253,Significant_Damage_And_Fatalities
4254,Highly_Fatal_And_Damaging
4255,Minor_Damage_And_Injuries
4260,Highly_Fatal_And_Damaging
4267,Significant_Damage_And_Fatalities
4274,Highly_Fatal_And_Damaging
4275,Highly_Fatal_And_Damaging
4278,Minor_Damage_And_Injuries
4281,Highly_Fatal_And_Damaging
4293,Highly_Fatal_And_Damaging
4294,Minor_Damage_And_Injuries
4300,Significant_Damage_And_Serious_Injuries
4307,Minor_Damage_And_Injuries
4310,Significant_Damage_And_Serious_Injuries
4311,Significant_Damage_And_Serious_Injuries
4315,Significant_Damage_And_Serious_Injuries
4330,Minor_Damage_And_Injuries
4333,Highly_Fatal_And_Damaging
4340,Minor_Damage_And_Injuries
4352,Significant_Damage_And_Fatalities
4360,Significant_Damage_And_Serious_Injuries
4365,Significant_Damage_And_Fatalities
4367,Significant_Damage_And_Serious_Injuries
4376,Highly_Fatal_And_Damaging
4378,Minor_Damage_And_Injuries
4385,Significant_Damage_And_Serious_Injuries
4405,Highly_Fatal_And_Damaging
4413,Minor_Damage_And_Injuries
4414,Minor_Damage_And_Injuries
4426,Significant_Damage_And_Fatalities
4430,Minor_Damage_And_Injuries
4431,Minor_Damage_And_Injuries
4438,Significant_Damage_And_Fatalities
4439,Minor_Damage_And_Injuries
4441,Significant_Damage_And_Serious_Injuries
4443,Minor_Damage_And_Injuries
4449,Significant_Damage_And_Serious_Injuries
4453,Minor_Damage_And_Injuries
4456,Significant_Damage_And_Serious_Injuries
4457,Significant_Damage_And_Serious_Injuries
4459,Highly_Fatal_And_Damaging
4461,Significant_Damage_And_Serious_Injuries
4464,Significant_Damage_And_Serious_Injuries
4468,Significant_Damage_And_Serious_Injuries
4476,Highly_Fatal_And_Damaging
4480,Significant_Damage_And_Serious_Injuries
4482,Significant_Damage_And_Serious_Injuries
4491,Minor_Damage_And_Injuries
4493,Minor_Damage_And_Injuries
4494,Minor_Damage_And_Injuries
4495,Significant_Damage_And_Fatalities
4496,Significant_Damage_And_Serious_Injuries
4503,Highly_Fatal_And_Damaging
4505,Highly_Fatal_And_Damaging
4506,Highly_Fatal_And_Damaging
4512,Minor_Damage_And_Injuries
4516,Significant_Damage_And_Fatalities
4518,Highly_Fatal_And_Damaging
4521,Significant_Damage_And_Serious_Injuries
4522,Highly_Fatal_And_Damaging
4529,Minor_Damage_And_Injuries
4530,Minor_Damage_And_Injuries
4536,Highly_Fatal_And_Damaging
4539,Highly_Fatal_And_Damaging
4543,Significant_Damage_And_Serious_Injuries
4546,Highly_Fatal_And_Damaging
4547,Significant_Damage_And_Serious_Injuries
4550,Significant_Damage_And_Serious_Injuries
4564,Highly_Fatal_And_Damaging
4571,Minor_Damage_And_Injuries
4583,Highly_Fatal_And_Damaging
4592,Highly_Fatal_And_Damaging
4594,Significant_Damage_And_Fatalities
4597,Significant_Damage_And_Serious_Injuries
4598,Minor_Damage_And_Injuries
4614,Significant_Damage_And_Serious_Injuries
4617,Significant_Damage_And_Serious_Injuries
4621,Minor_Damage_And_Injuries
4630,Significant_Damage_And_Serious_Injuries
4634,Significant_Damage_And_Fatalities
4638,Highly_Fatal_And_Damaging
4639,Highly_Fatal_And_Damaging
4645,Highly_Fatal_And_Damaging
4650,Significant_Damage_And_Fatalities
4651,Significant_Damage_And_Serious_Injuries
4654,Minor_Damage_And_Injuries
4656,Highly_Fatal_And_Damaging
4660,Highly_Fatal_And_Damaging
4665,Highly_Fatal_And_Damaging
4670,Highly_Fatal_And_Damaging
4671,Highly_Fatal_And_Damaging
4679,Highly_Fatal_And_Damaging
4682,Minor_Damage_And_Injuries
4684,Significant_Damage_And_Serious_Injuries
4688,Significant_Damage_And_Serious_Injuries
4693,Significant_Damage_And_Serious_Injuries
4712,Significant_Damage_And_Fatalities
4714,Significant_Damage_And_Serious_Injuries
4721,Highly_Fatal_And_Damaging
4722,Highly_Fatal_And_Damaging
4724,Minor_Damage_And_Injuries
4726,Significant_Damage_And_Serious_Injuries
4728,Significant_Damage_And_Fatalities
4730,Significant_Damage_And_Fatalities
4735,Significant_Damage_And_Fatalities
4741,Highly_Fatal_And_Damaging
4742,Minor_Damage_And_Injuries
4744,Minor_Damage_And_Injuries
4746,Highly_Fatal_And_Damaging
4757,Highly_Fatal_And_Damaging
4761,Minor_Damage_And_Injuries
4770,Highly_Fatal_And_Damaging
4772,Significant_Damage_And_Serious_Injuries
4773,Highly_Fatal_And_Damaging
4780,Highly_Fatal_And_Damaging
4783,Highly_Fatal_And_Damaging
4785,Highly_Fatal_And_Damaging
4786,Significant_Damage_And_Serious_Injuries
4787,Significant_Damage_And_Serious_Injuries
4793,Highly_Fatal_And_Damaging
4794,Highly_Fatal_And_Damaging
4808,Highly_Fatal_And_Damaging
4811,Minor_Damage_And_Injuries
4831,Significant_Damage_And_Fatalities
4832,Significant_Damage_And_Serious_Injuries
4836,Significant_Damage_And_Serious_Injuries
4839,Highly_Fatal_And_Damaging
4842,Significant_Damage_And_Serious_Injuries
4846,Highly_Fatal_And_Damaging
4855,Highly_Fatal_And_Damaging
4856,Minor_Damage_And_Injuries
4859,Significant_Damage_And_Serious_Injuries
4862,Significant_Damage_And_Serious_Injuries
4869,Highly_Fatal_And_Damaging
4877,Significant_Damage_And_Serious_Injuries
4878,Significant_Damage_And_Serious_Injuries
4887,Significant_Damage_And_Serious_Injuries
4892,Significant_Damage_And_Serious_Injuries
4913,Highly_Fatal_And_Damaging
4914,Highly_Fatal_And_Damaging
4926,Highly_Fatal_And_Damaging
4940,Highly_Fatal_And_Damaging
4944,Minor_Damage_And_Injuries
4959,Significant_Damage_And_Serious_Injuries
4966,Highly_Fatal_And_Damaging
4972,Minor_Damage_And_Injuries
4978,Significant_Damage_And_Serious_Injuries
4981,Significant_Damage_And_Serious_Injuries
4985,Significant_Damage_And_Serious_Injuries
4992,Minor_Damage_And_Injuries
4998,Significant_Damage_And_Fatalities
5000,Highly_Fatal_And_Damaging
5001,Significant_Damage_And_Serious_Injuries
5004,Highly_Fatal_And_Damaging
5005,Highly_Fatal_And_Damaging
5016,Highly_Fatal_And_Damaging
5020,Significant_Damage_And_Serious_Injuries
5021,Significant_Damage_And_Serious_Injuries
5041,Minor_Damage_And_Injuries
5045,Highly_Fatal_And_Damaging
5052,Minor_Damage_And_Injuries
5063,Minor_Damage_And_Injuries
5072,Minor_Damage_And_Injuries
5074,Highly_Fatal_And_Damaging
5080,Significant_Damage_And_Serious_Injuries
5087,Highly_Fatal_And_Damaging
5094,Highly_Fatal_And_Damaging
5099,Significant_Damage_And_Serious_Injuries
5100,Highly_Fatal_And_Damaging
5109,Highly_Fatal_And_Damaging
5111,Significant_Damage_And_Fatalities
5115,Highly_Fatal_And_Damaging
5117,Highly_Fatal_And_Damaging
5119,Minor_Damage_And_Injuries
5125,Minor_Damage_And_Injuries
5126,Highly_Fatal_And_Damaging
5127,Significant_Damage_And_Serious_Injuries
5142,Significant_Damage_And_Fatalities
5149,Highly_Fatal_And_Damaging
5160,Significant_Damage_And_Serious_Injuries
5163,Highly_Fatal_And_Damaging
5170,Highly_Fatal_And_Damaging
5175,Significant_Damage_And_Serious_Injuries
5184,Highly_Fatal_And_Damaging
5187,Significant_Damage_And_Serious_Injuries
5189,Minor_Damage_And_Injuries
5200,Minor_Damage_And_Injuries
5202,Minor_Damage_And_Injuries
5203,Significant_Damage_And_Serious_Injuries
5206,Significant_Damage_And_Fatalities
5218,Minor_Damage_And_Injuries
5224,Significant_Damage_And_Fatalities
5226,Minor_Damage_And_Injuries
5230,Significant_Damage_And_Serious_Injuries
5231,Significant_Damage_And_Serious_Injuries
5232,Highly_Fatal_And_Damaging
5234,Highly_Fatal_And_Damaging
5239,Minor_Damage_And_Injuries
5244,Significant_Damage_And_Serious_Injuries
5245,Significant_Damage_And_Fatalities
5246,Highly_Fatal_And_Damaging
5253,Highly_Fatal_And_Damaging
5262,Significant_Damage_And_Serious_Injuries
5268,Significant_Damage_And_Serious_Injuries
5271,Minor_Damage_And_Injuries
5275,Highly_Fatal_And_Damaging
5277,Significant_Damage_And_Serious_Injuries
5278,Highly_Fatal_And_Damaging
5283,Significant_Damage_And_Fatalities
5284,Highly_Fatal_And_Damaging
5285,Highly_Fatal_And_Damaging
5288,Highly_Fatal_And_Damaging
5329,Highly_Fatal_And_Damaging
5336,Highly_Fatal_And_Damaging
5339,Significant_Damage_And_Serious_Injuries
5340,Highly_Fatal_And_Damaging
5342,Highly_Fatal_And_Damaging
5350,Highly_Fatal_And_Damaging
5359,Highly_Fatal_And_Damaging
5376,Minor_Damage_And_Injuries
5387,Minor_Damage_And_Injuries
5399,Highly_Fatal_And_Damaging
5401,Significant_Damage_And_Serious_Injuries
5423,Significant_Damage_And_Serious_Injuries
5425,Highly_Fatal_And_Damaging
5433,Highly_Fatal_And_Damaging
5445,Significant_Damage_And_Serious_Injuries
5451,Highly_Fatal_And_Damaging
5452,Minor_Damage_And_Injuries
5461,Highly_Fatal_And_Damaging
5464,Highly_Fatal_And_Damaging
5465,Significant_Damage_And_Fatalities
5466,Significant_Damage_And_Serious_Injuries
5471,Minor_Damage_And_Injuries
5481,Highly_Fatal_And_Damaging
5482,Minor_Damage_And_Injuries
5485,Highly_Fatal_And_Damaging
5489,Highly_Fatal_And_Damaging
5497,Significant_Damage_And_Serious_Injuries
5505,Highly_Fatal_And_Damaging
5508,Minor_Damage_And_Injuries
5510,Highly_Fatal_And_Damaging
5519,Highly_Fatal_And_Damaging
5531,Highly_Fatal_And_Damaging
5536,Minor_Damage_And_Injuries
5537,Highly_Fatal_And_Damaging
5538,Highly_Fatal_And_Damaging
5547,Highly_Fatal_And_Damaging
5554,Significant_Damage_And_Serious_Injuries
5561,Highly_Fatal_And_Damaging
5563,Highly_Fatal_And_Damaging
5568,Highly_Fatal_And_Damaging
5573,Significant_Damage_And_Serious_Injuries
5579,Highly_Fatal_And_Damaging
5583,Minor_Damage_And_Injuries
5584,Significant_Damage_And_Fatalities
5586,Highly_Fatal_And_Damaging
5589,Highly_Fatal_And_Damaging
5595,Highly_Fatal_And_Damaging
5601,Significant_Damage_And_Serious_Injuries
5603,Highly_Fatal_And_Damaging
5610,Minor_Damage_And_Injuries
5618,Minor_Damage_And_Injuries
5622,Highly_Fatal_And_Damaging
5623,Highly_Fatal_And_Damaging
5625,Highly_Fatal_And_Damaging
5630,Highly_Fatal_And_Damaging
5637,Highly_Fatal_And_Damaging
5640,Significant_Damage_And_Fatalities
5642,Highly_Fatal_And_Damaging
5643,Highly_Fatal_And_Damaging
5648,Minor_Damage_And_Injuries
5653,Significant_Damage_And_Serious_Injuries
5656,Highly_Fatal_And_Damaging
5666,Significant_Damage_And_Serious_Injuries
5676,Highly_Fatal_And_Damaging
5680,Highly_Fatal_And_Damaging
5690,Minor_Damage_And_Injuries
5700,Significant_Damage_And_Fatalities
5702,Highly_Fatal_And_Damaging
5708,Highly_Fatal_And_Damaging
5709,Highly_Fatal_And_Damaging
5714,Highly_Fatal_And_Damaging
5723,Highly_Fatal_And_Damaging
5729,Significant_Damage_And_Serious_Injuries
5736,Highly_Fatal_And_Damaging
5744,Significant_Damage_And_Fatalities
5750,Significant_Damage_And_Fatalities
5751,Minor_Damage_And_Injuries
5752,Significant_Damage_And_Fatalities
5753,Minor_Damage_And_Injuries
5757,Significant_Damage_And_Serious_Injuries
5760,Significant_Damage_And_Serious_Injuries
5768,Significant_Damage_And_Serious_Injuries
5772,Significant_Damage_And_Fatalities
5788,Highly_Fatal_And_Damaging
5795,Significant_Damage_And_Serious_Injuries
5800,Significant_Damage_And_Fatalities
5806,Highly_Fatal_And_Damaging
5809,Highly_Fatal_And_Damaging
5810,Highly_Fatal_And_Damaging
5819,Significant_Damage_And_Serious_Injuries
5822,Highly_Fatal_And_Damaging
5826,Significant_Damage_And_Serious_Injuries
5829,Minor_Damage_And_Injuries
5831,Significant_Damage_And_Serious_Injuries
5833,Significant_Damage_And_Serious_Injuries
5837,Highly_Fatal_And_Damaging
5840,Highly_Fatal_And_Damaging
5848,Highly_Fatal_And_Damaging
5852,Significant_Damage_And_Fatalities
5868,Significant_Damage_And_Fatalities
5874,Highly_Fatal_And_Damaging
5876,Highly_Fatal_And_Damaging
5883,Minor_Damage_And_Injuries
5888,Highly_Fatal_And_Damaging
5889,Highly_Fatal_And_Damaging
5898,Highly_Fatal_And_Damaging
5899,Minor_Damage_And_Injuries
5903,Highly_Fatal_And_Damaging
5906,Highly_Fatal_And_Damaging
5907,Highly_Fatal_And_Damaging
5914,Highly_Fatal_And_Damaging
5919,Highly_Fatal_And_Damaging
5928,Significant_Damage_And_Serious_Injuries
5930,Significant_Damage_And_Serious_Injuries
5936,Significant_Damage_And_Serious_Injuries
5948,Highly_Fatal_And_Damaging
5950,Highly_Fatal_And_Damaging
5951,Highly_Fatal_And_Damaging
5954,Highly_Fatal_And_Damaging
5958,Highly_Fatal_And_Damaging
5964,Significant_Damage_And_Fatalities
5972,Highly_Fatal_And_Damaging
5979,Highly_Fatal_And_Damaging
5983,Minor_Damage_And_Injuries
5984,Significant_Damage_And_Fatalities
5993,Significant_Damage_And_Serious_Injuries
5997,Highly_Fatal_And_Damaging
6006,Significant_Damage_And_Serious_Injuries
6014,Significant_Damage_And_Serious_Injuries
6018,Significant_Damage_And_Serious_Injuries
6019,Significant_Damage_And_Serious_Injuries
6020,Minor_Damage_And_Injuries
6023,Highly_Fatal_And_Damaging
6026,Highly_Fatal_And_Damaging
6030,Significant_Damage_And_Serious_Injuries
6036,Significant_Damage_And_Serious_Injuries
6041,Highly_Fatal_And_Damaging
6042,Highly_Fatal_And_Damaging
6044,Highly_Fatal_And_Damaging
6053,Highly_Fatal_And_Damaging
6055,Highly_Fatal_And_Damaging
6056,Highly_Fatal_And_Damaging
6063,Minor_Damage_And_Injuries
6064,Significant_Damage_And_Serious_Injuries
6072,Significant_Damage_And_Serious_Injuries
6074,Minor_Damage_And_Injuries
6075,Highly_Fatal_And_Damaging
6078,Significant_Damage_And_Fatalities
6080,Highly_Fatal_And_Damaging
6081,Significant_Damage_And_Serious_Injuries
6082,Minor_Damage_And_Injuries
6085,Highly_Fatal_And_Damaging
6095,Minor_Damage_And_Injuries
6098,Significant_Damage_And_Serious_Injuries
6104,Minor_Damage_And_Injuries
6113,Significant_Damage_And_Fatalities
6114,Highly_Fatal_And_Damaging
6120,Highly_Fatal_And_Damaging
6121,Minor_Damage_And_Injuries
6122,Significant_Damage_And_Fatalities
6125,Significant_Damage_And_Serious_Injuries
6137,Highly_Fatal_And_Damaging
6139,Highly_Fatal_And_Damaging
6147,Minor_Damage_And_Injuries
6150,Minor_Damage_And_Injuries
6157,Highly_Fatal_And_Damaging
6162,Significant_Damage_And_Serious_Injuries
6167,Minor_Damage_And_Injuries
6170,Highly_Fatal_And_Damaging
6178,Minor_Damage_And_Injuries
6185,Highly_Fatal_And_Damaging
6187,Significant_Damage_And_Fatalities
6188,Significant_Damage_And_Serious_Injuries
6189,Minor_Damage_And_Injuries
6190,Highly_Fatal_And_Damaging
6204,Highly_Fatal_And_Damaging
6206,Significant_Damage_And_Serious_Injuries
6208,Minor_Damage_And_Injuries
6212,Significant_Damage_And_Fatalities
6215,Highly_Fatal_And_Damaging
6221,Minor_Damage_And_Injuries
6234,Significant_Damage_And_Serious_Injuries
6240,Minor_Damage_And_Injuries
6241,Highly_Fatal_And_Damaging
6242,Significant_Damage_And_Serious_Injuries
6247,Highly_Fatal_And_Damaging
6250,Highly_Fatal_And_Damaging
6255,Highly_Fatal_And_Damaging
6257,Highly_Fatal_And_Damaging
6259,Highly_Fatal_And_Damaging
6260,Minor_Damage_And_Injuries
6261,Highly_Fatal_And_Damaging
6264,Highly_Fatal_And_Damaging
6266,Highly_Fatal_And_Damaging
6274,Highly_Fatal_And_Damaging
6277,Minor_Damage_And_Injuries
6287,Minor_Damage_And_Injuries
6290,Highly_Fatal_And_Damaging
6296,Significant_Damage_And_Fatalities
6301,Highly_Fatal_And_Damaging
6302,Significant_Damage_And_Serious_Injuries
6312,Minor_Damage_And_Injuries
6318,Highly_Fatal_And_Damaging
6327,Minor_Damage_And_Injuries
6328,Significant_Damage_And_Serious_Injuries
6333,Highly_Fatal_And_Damaging
6336,Minor_Damage_And_Injuries
6338,Significant_Damage_And_Serious_Injuries
6342,Highly_Fatal_And_Damaging
6349,Highly_Fatal_And_Damaging
6358,Significant_Damage_And_Serious_Injuries
6359,Significant_Damage_And_Serious_Injuries
6360,Minor_Damage_And_Injuries
6367,Highly_Fatal_And_Damaging
6377,Significant_Damage_And_Serious_Injuries
6379,Minor_Damage_And_Injuries
6381,Highly_Fatal_And_Damaging
6391,Highly_Fatal_And_Damaging
6400,Minor_Damage_And_Injuries
6402,Highly_Fatal_And_Damaging
6405,Significant_Damage_And_Serious_Injuries
6415,Highly_Fatal_And_Damaging
6416,Highly_Fatal_And_Damaging
6420,Highly_Fatal_And_Damaging
6434,Minor_Damage_And_Injuries
6448,Significant_Damage_And_Serious_Injuries
6451,Highly_Fatal_And_Damaging
6453,Highly_Fatal_And_Damaging
6459,Minor_Damage_And_Injuries
6461,Highly_Fatal_And_Damaging
6467,Highly_Fatal_And_Damaging
6468,Highly_Fatal_And_Damaging
6473,Highly_Fatal_And_Damaging
6484,Highly_Fatal_And_Damaging
6486,Highly_Fatal_And_Damaging
6490,Highly_Fatal_And_Damaging
6502,Minor_Damage_And_Injuries
6503,Highly_Fatal_And_Damaging
6507,Highly_Fatal_And_Damaging
6512,Highly_Fatal_And_Damaging
6523,Significant_Damage_And_Serious_Injuries
6528,Minor_Damage_And_Injuries
6530,Highly_Fatal_And_Damaging
6543,Highly_Fatal_And_Damaging
6546,Significant_Damage_And_Serious_Injuries
6548,Highly_Fatal_And_Damaging
6551,Highly_Fatal_And_Damaging
6553,Highly_Fatal_And_Damaging
6562,Highly_Fatal_And_Damaging
6571,Highly_Fatal_And_Damaging
6572,Significant_Damage_And_Serious_Injuries
6579,Highly_Fatal_And_Damaging
6584,Significant_Damage_And_Serious_Injuries
6588,Significant_Damage_And_Serious_Injuries
6596,Highly_Fatal_And_Damaging
6599,Highly_Fatal_And_Damaging
6625,Highly_Fatal_And_Damaging
6632,Significant_Damage_And_Serious_Injuries
6641,Significant_Damage_And_Serious_Injuries
6651,Significant_Damage_And_Fatalities
6654,Minor_Damage_And_Injuries
6657,Highly_Fatal_And_Damaging
6665,Highly_Fatal_And_Damaging
6671,Highly_Fatal_And_Damaging
6672,Highly_Fatal_And_Damaging
6675,Highly_Fatal_And_Damaging
6676,Highly_Fatal_And_Damaging
6682,Highly_Fatal_And_Damaging
6684,Highly_Fatal_And_Damaging
6692,Significant_Damage_And_Serious_Injuries
6694,Significant_Damage_And_Fatalities
6700,Highly_Fatal_And_Damaging
6723,Significant_Damage_And_Serious_Injuries
6726,Highly_Fatal_And_Damaging
6729,Significant_Damage_And_Serious_Injuries
6734,Significant_Damage_And_Fatalities
6737,Significant_Damage_And_Serious_Injuries
6738,Significant_Damage_And_Serious_Injuries
6745,Significant_Damage_And_Serious_Injuries
6747,Significant_Damage_And_Serious_Injuries
6750,Significant_Damage_And_Serious_Injuries
6754,Minor_Damage_And_Injuries
6755,Significant_Damage_And_Serious_Injuries
6761,Minor_Damage_And_Injuries
6762,Highly_Fatal_And_Damaging
6765,Highly_Fatal_And_Damaging
6769,Significant_Damage_And_Serious_Injuries
6785,Highly_Fatal_And_Damaging
6788,Minor_Damage_And_Injuries
6793,Significant_Damage_And_Serious_Injuries
6796,Highly_Fatal_And_Damaging
6799,Minor_Damage_And_Injuries
6801,Highly_Fatal_And_Damaging
6807,Highly_Fatal_And_Damaging
6811,Highly_Fatal_And_Damaging
6812,Significant_Damage_And_Serious_Injuries
6815,Highly_Fatal_And_Damaging
6818,Highly_Fatal_And_Damaging
6828,Significant_Damage_And_Serious_Injuries
6832,Minor_Damage_And_Injuries
6833,Highly_Fatal_And_Damaging
6836,Significant_Damage_And_Fatalities
6839,Significant_Damage_And_Serious_Injuries
6842,Highly_Fatal_And_Damaging
6845,Significant_Damage_And_Serious_Injuries
6848,Significant_Damage_And_Serious_Injuries
6849,Significant_Damage_And_Serious_Injuries
6850,Significant_Damage_And_Fatalities
6853,Minor_Damage_And_Injuries
6862,Highly_Fatal_And_Damaging
6864,Highly_Fatal_And_Damaging
6868,Highly_Fatal_And_Damaging
6872,Highly_Fatal_And_Damaging
6892,Minor_Damage_And_Injuries
6895,Significant_Damage_And_Serious_Injuries
6897,Highly_Fatal_And_Damaging
6900,Significant_Damage_And_Serious_Injuries
6904,Significant_Damage_And_Fatalities
6907,Significant_Damage_And_Serious_Injuries
6912,Highly_Fatal_And_Damaging
6913,Highly_Fatal_And_Damaging
6920,Highly_Fatal_And_Damaging
6922,Highly_Fatal_And_Damaging
6924,Highly_Fatal_And_Damaging
6925,Highly_Fatal_And_Damaging
6929,Significant_Damage_And_Serious_Injuries
6933,Significant_Damage_And_Serious_Injuries
6938,Minor_Damage_And_Injuries
6939,Minor_Damage_And_Injuries
6945,Highly_Fatal_And_Damaging
6950,Significant_Damage_And_Serious_Injuries
6953,Minor_Damage_And_Injuries
6957,Significant_Damage_And_Fatalities
6961,Minor_Damage_And_Injuries
6970,Highly_Fatal_And_Damaging
6975,Significant_Damage_And_Fatalities
6978,Highly_Fatal_And_Damaging
6979,Highly_Fatal_And_Damaging
6981,Highly_Fatal_And_Damaging
6985,Highly_Fatal_And_Damaging
6988,Significant_Damage_And_Fatalities
6989,Highly_Fatal_And_Damaging
6996,Highly_Fatal_And_Damaging
7007,Significant_Damage_And_Serious_Injuries
7008,Minor_Damage_And_Injuries
7016,Highly_Fatal_And_Damaging
7021,Highly_Fatal_And_Damaging
7022,Significant_Damage_And_Serious_Injuries
7029,Significant_Damage_And_Serious_Injuries
7035,Highly_Fatal_And_Damaging
7066,Significant_Damage_And_Fatalities
7067,Highly_Fatal_And_Damaging
7068,Significant_Damage_And_Fatalities
7069,Highly_Fatal_And_Damaging
7072,Minor_Damage_And_Injuries
7077,Minor_Damage_And_Injuries
7079,Highly_Fatal_And_Damaging
7080,Significant_Damage_And_Serious_Injuries
7090,Highly_Fatal_And_Damaging
7091,Significant_Damage_And_Serious_Injuries
7092,Highly_Fatal_And_Damaging
7093,Highly_Fatal_And_Damaging
7109,Significant_Damage_And_Serious_Injuries
7114,Highly_Fatal_And_Damaging
7118,Significant_Damage_And_Serious_Injuries
7122,Minor_Damage_And_Injuries
7124,Highly_Fatal_And_Damaging
7126,Highly_Fatal_And_Damaging
7132,Significant_Damage_And_Serious_Injuries
7140,Highly_Fatal_And_Damaging
7154,Highly_Fatal_And_Damaging
7156,Highly_Fatal_And_Damaging
7158,Minor_Damage_And_Injuries
7172,Significant_Damage_And_Fatalities
7173,Significant_Damage_And_Serious_Injuries
7174,Significant_Damage_And_Serious_Injuries
7176,Highly_Fatal_And_Damaging
7177,Minor_Damage_And_Injuries
7179,Highly_Fatal_And_Damaging
7181,Significant_Damage_And_Serious_Injuries
7182,Significant_Damage_And_Fatalities
7191,Highly_Fatal_And_Damaging
7194,Highly_Fatal_And_Damaging
7195,Minor_Damage_And_Injuries
7200,Minor_Damage_And_Injuries
7201,Significant_Damage_And_Serious_Injuries
7205,Significant_Damage_And_Fatalities
7208,Highly_Fatal_And_Damaging
7209,Highly_Fatal_And_Damaging
7210,Minor_Damage_And_Injuries
7212,Significant_Damage_And_Fatalities
7213,Minor_Damage_And_Injuries
7216,Significant_Damage_And_Fatalities
7218,Highly_Fatal_And_Damaging
7221,Significant_Damage_And_Serious_Injuries
7222,Highly_Fatal_And_Damaging
7223,Significant_Damage_And_Serious_Injuries
7232,Significant_Damage_And_Serious_Injuries
7244,Highly_Fatal_And_Damaging
7253,Significant_Damage_And_Serious_Injuries
7255,Significant_Damage_And_Serious_Injuries
7267,Minor_Damage_And_Injuries
7269,Highly_Fatal_And_Damaging
7279,Highly_Fatal_And_Damaging
7284,Highly_Fatal_And_Damaging
7294,Highly_Fatal_And_Damaging
7296,Minor_Damage_And_Injuries
7298,Minor_Damage_And_Injuries
7307,Significant_Damage_And_Serious_Injuries
7323,Significant_Damage_And_Serious_Injuries
7333,Significant_Damage_And_Serious_Injuries
7335,Significant_Damage_And_Fatalities
7336,Highly_Fatal_And_Damaging
7338,Highly_Fatal_And_Damaging
7345,Minor_Damage_And_Injuries
7346,Significant_Damage_And_Serious_Injuries
7348,Minor_Damage_And_Injuries
7349,Significant_Damage_And_Serious_Injuries
7353,Highly_Fatal_And_Damaging
7354,Highly_Fatal_And_Damaging
7355,Highly_Fatal_And_Damaging
7356,Minor_Damage_And_Injuries
7367,Highly_Fatal_And_Damaging
7370,Highly_Fatal_And_Damaging
7375,Highly_Fatal_And_Damaging
7384,Significant_Damage_And_Serious_Injuries
7392,Highly_Fatal_And_Damaging
7394,Significant_Damage_And_Fatalities
7395,Highly_Fatal_And_Damaging
7401,Highly_Fatal_And_Damaging
7402,Minor_Damage_And_Injuries
7407,Highly_Fatal_And_Damaging
7420,Significant_Damage_And_Serious_Injuries
7437,Minor_Damage_And_Injuries
7455,Highly_Fatal_And_Damaging
7460,Highly_Fatal_And_Damaging
7476,Highly_Fatal_And_Damaging
7478,Highly_Fatal_And_Damaging
7484,Highly_Fatal_And_Damaging
7491,Minor_Damage_And_Injuries
7492,Significant_Damage_And_Serious_Injuries
7495,Highly_Fatal_And_Damaging
7503,Minor_Damage_And_Injuries
7505,Significant_Damage_And_Serious_Injuries
7506,Highly_Fatal_And_Damaging
7508,Significant_Damage_And_Serious_Injuries
7513,Minor_Damage_And_Injuries
7526,Minor_Damage_And_Injuries
7530,Highly_Fatal_And_Damaging
7534,Significant_Damage_And_Fatalities
7537,Highly_Fatal_And_Damaging
7541,Significant_Damage_And_Serious_Injuries
7542,Highly_Fatal_And_Damaging
7548,Significant_Damage_And_Serious_Injuries
7551,Highly_Fatal_And_Damaging
7553,Significant_Damage_And_Fatalities
7554,Highly_Fatal_And_Damaging
7557,Highly_Fatal_And_Damaging
7563,Significant_Damage_And_Fatalities
7568,Minor_Damage_And_Injuries
7581,Highly_Fatal_And_Damaging
7582,Significant_Damage_And_Serious_Injuries
7587,Highly_Fatal_And_Damaging
7617,Highly_Fatal_And_Damaging
7621,Minor_Damage_And_Injuries
7623,Significant_Damage_And_Serious_Injuries
7633,Significant_Damage_And_Serious_Injuries
7639,Significant_Damage_And_Fatalities
7654,Highly_Fatal_And_Damaging
7660,Highly_Fatal_And_Damaging
7661,Highly_Fatal_And_Damaging
7662,Significant_Damage_And_Fatalities
7663,Minor_Damage_And_Injuries
7664,Significant_Damage_And_Fatalities
7665,Significant_Damage_And_Serious_Injuries
7668,Significant_Damage_And_Serious_Injuries
7682,Significant_Damage_And_Fatalities
7683,Highly_Fatal_And_Damaging
7684,Minor_Damage_And_Injuries
7687,Highly_Fatal_And_Damaging
7691,Significant_Damage_And_Serious_Injuries
7701,Highly_Fatal_And_Damaging
7702,Minor_Damage_And_Injuries
7705,Significant_Damage_And_Fatalities
7711,Minor_Damage_And_Injuries
7714,Minor_Damage_And_Injuries
7716,Highly_Fatal_And_Damaging
7725,Significant_Damage_And_Fatalities
7726,Minor_Damage_And_Injuries
7732,Highly_Fatal_And_Damaging
7748,Minor_Damage_And_Injuries
7755,Highly_Fatal_And_Damaging
7759,Highly_Fatal_And_Damaging
7763,Highly_Fatal_And_Damaging
7767,Highly_Fatal_And_Damaging
7769,Highly_Fatal_And_Damaging
7781,Highly_Fatal_And_Damaging
7783,Minor_Damage_And_Injuries
7790,Minor_Damage_And_Injuries
7798,Minor_Damage_And_Injuries
7810,Significant_Damage_And_Fatalities
7821,Minor_Damage_And_Injuries
7824,Minor_Damage_And_Injuries
7828,Minor_Damage_And_Injuries
7838,Significant_Damage_And_Serious_Injuries
7841,Significant_Damage_And_Serious_Injuries
7847,Minor_Damage_And_Injuries
7852,Significant_Damage_And_Serious_Injuries
7854,Highly_Fatal_And_Damaging
7857,Highly_Fatal_And_Damaging
7867,Minor_Damage_And_Injuries
7868,Highly_Fatal_And_Damaging
7869,Significant_Damage_And_Serious_Injuries
7871,Highly_Fatal_And_Damaging
7872,Highly_Fatal_And_Damaging
7885,Highly_Fatal_And_Damaging
7889,Highly_Fatal_And_Damaging
7902,Significant_Damage_And_Serious_Injuries
7917,Significant_Damage_And_Serious_Injuries
7918,Significant_Damage_And_Fatalities
7919,Minor_Damage_And_Injuries
7926,Highly_Fatal_And_Damaging
7927,Highly_Fatal_And_Damaging
7928,Minor_Damage_And_Injuries
7947,Significant_Damage_And_Serious_Injuries
7950,Minor_Damage_And_Injuries
7952,Highly_Fatal_And_Damaging
7955,Significant_Damage_And_Fatalities
7966,Highly_Fatal_And_Damaging
7981,Highly_Fatal_And_Damaging
7987,Significant_Damage_And_Serious_Injuries
7996,Significant_Damage_And_Serious_Injuries
7997,Highly_Fatal_And_Damaging
8012,Highly_Fatal_And_Damaging
8018,Significant_Damage_And_Serious_Injuries
8020,Minor_Damage_And_Injuries
8021,Highly_Fatal_And_Damaging
8028,Highly_Fatal_And_Damaging
8031,Minor_Damage_And_Injuries
8034,Highly_Fatal_And_Damaging
8039,Significant_Damage_And_Serious_Injuries
8044,Significant_Damage_And_Fatalities
8046,Highly_Fatal_And_Damaging
8049,Minor_Damage_And_Injuries
8052,Minor_Damage_And_Injuries
8054,Minor_Damage_And_Injuries
8057,Minor_Damage_And_Injuries
8058,Minor_Damage_And_Injuries
8061,Highly_Fatal_And_Damaging
8074,Minor_Damage_And_Injuries
8075,Significant_Damage_And_Serious_Injuries
8078,Minor_Damage_And_Injuries
8081,Minor_Damage_And_Injuries
8084,Highly_Fatal_And_Damaging
8088,Minor_Damage_And_Injuries
8089,Significant_Damage_And_Serious_Injuries
8090,Significant_Damage_And_Serious_Injuries
8097,Significant_Damage_And_Serious_Injuries
8101,Highly_Fatal_And_Damaging
8105,Highly_Fatal_And_Damaging
8115,Significant_Damage_And_Serious_Injuries
8122,Highly_Fatal_And_Damaging
8125,Highly_Fatal_And_Damaging
8132,Significant_Damage_And_Serious_Injuries
8133,Highly_Fatal_And_Damaging
8136,Significant_Damage_And_Serious_Injuries
8138,Significant_Damage_And_Serious_Injuries
8144,Highly_Fatal_And_Damaging
8146,Highly_Fatal_And_Damaging
8150,Minor_Damage_And_Injuries
8152,Highly_Fatal_And_Damaging
8157,Significant_Damage_And_Serious_Injuries
8167,Significant_Damage_And_Serious_Injuries
8172,Significant_Damage_And_Serious_Injuries
8178,Significant_Damage_And_Fatalities
8184,Minor_Damage_And_Injuries
8186,Highly_Fatal_And_Damaging
8187,Highly_Fatal_And_Damaging
8190,Significant_Damage_And_Serious_Injuries
8198,Highly_Fatal_And_Damaging
8200,Highly_Fatal_And_Damaging
8206,Minor_Damage_And_Injuries
8217,Minor_Damage_And_Injuries
8221,Minor_Damage_And_Injuries
8224,Minor_Damage_And_Injuries
8230,Highly_Fatal_And_Damaging
8233,Highly_Fatal_And_Damaging
8237,Significant_Damage_And_Fatalities
8239,Highly_Fatal_And_Damaging
8240,Highly_Fatal_And_Damaging
8242,Highly_Fatal_And_Damaging
8243,Highly_Fatal_And_Damaging
8246,Minor_Damage_And_Injuries
8251,Significant_Damage_And_Fatalities
8253,Highly_Fatal_And_Damaging
8268,Significant_Damage_And_Serious_Injuries
8269,Highly_Fatal_And_Damaging
8277,Highly_Fatal_And_Damaging
8287,Highly_Fatal_And_Damaging
8294,Significant_Damage_And_Serious_Injuries
8297,Minor_Damage_And_Injuries
8314,Minor_Damage_And_Injuries
8315,Minor_Damage_And_Injuries
8317,Minor_Damage_And_Injuries
8319,Highly_Fatal_And_Damaging
8322,Significant_Damage_And_Serious_Injuries
8327,Highly_Fatal_And_Damaging
8329,Highly_Fatal_And_Damaging
8336,Highly_Fatal_And_Damaging
8345,Significant_Damage_And_Serious_Injuries
8361,Minor_Damage_And_Injuries
8362,Highly_Fatal_And_Damaging
8365,Significant_Damage_And_Serious_Injuries
8369,Significant_Damage_And_Serious_Injuries
8372,Highly_Fatal_And_Damaging
8374,Minor_Damage_And_Injuries
8376,Minor_Damage_And_Injuries
8377,Highly_Fatal_And_Damaging
8388,Minor_Damage_And_Injuries
8389,Minor_Damage_And_Injuries
8390,Significant_Damage_And_Serious_Injuries
8395,Significant_Damage_And_Fatalities
8402,Minor_Damage_And_Injuries
8412,Highly_Fatal_And_Damaging
8419,Highly_Fatal_And_Damaging
8426,Highly_Fatal_And_Damaging
8428,Highly_Fatal_And_Damaging
8429,Minor_Damage_And_Injuries
8431,Highly_Fatal_And_Damaging
8450,Significant_Damage_And_Serious_Injuries
8456,Highly_Fatal_And_Damaging
8463,Highly_Fatal_And_Damaging
8490,Significant_Damage_And_Serious_Injuries
8491,Highly_Fatal_And_Damaging
8496,Minor_Damage_And_Injuries
8507,Highly_Fatal_And_Damaging
8513,Significant_Damage_And_Fatalities
8517,Significant_Damage_And_Serious_Injuries
8519,Significant_Damage_And_Serious_Injuries
8524,Highly_Fatal_And_Damaging
8542,Highly_Fatal_And_Damaging
8543,Significant_Damage_And_Serious_Injuries
8551,Highly_Fatal_And_Damaging
8553,Minor_Damage_And_Injuries
8562,Significant_Damage_And_Fatalities
8567,Significant_Damage_And_Fatalities
8571,Highly_Fatal_And_Damaging
8574,Significant_Damage_And_Serious_Injuries
8575,Significant_Damage_And_Fatalities
8576,Highly_Fatal_And_Damaging
8586,Highly_Fatal_And_Damaging
8587,Highly_Fatal_And_Damaging
8590,Highly_Fatal_And_Damaging
8594,Significant_Damage_And_Serious_Injuries
8596,Minor_Damage_And_Injuries
8599,Highly_Fatal_And_Damaging
8604,Highly_Fatal_And_Damaging
8606,Highly_Fatal_And_Damaging
8620,Highly_Fatal_And_Damaging
8623,Minor_Damage_And_Injuries
8643,Minor_Damage_And_Injuries
8652,Minor_Damage_And_Injuries
8653,Minor_Damage_And_Injuries
8655,Significant_Damage_And_Serious_Injuries
8657,Significant_Damage_And_Serious_Injuries
8663,Minor_Damage_And_Injuries
8665,Minor_Damage_And_Injuries
8685,Significant_Damage_And_Fatalities
8715,Minor_Damage_And_Injuries
8719,Significant_Damage_And_Serious_Injuries
8724,Minor_Damage_And_Injuries
8725,Highly_Fatal_And_Damaging
8726,Highly_Fatal_And_Damaging
8728,Significant_Damage_And_Serious_Injuries
8729,Significant_Damage_And_Fatalities
8730,Significant_Damage_And_Serious_Injuries
8737,Highly_Fatal_And_Damaging
8743,Significant_Damage_And_Serious_Injuries
8744,Significant_Damage_And_Serious_Injuries
8747,Significant_Damage_And_Fatalities
8749,Highly_Fatal_And_Damaging
8751,Highly_Fatal_And_Damaging
8754,Highly_Fatal_And_Damaging
8756,Minor_Damage_And_Injuries
8759,Highly_Fatal_And_Damaging
8767,Minor_Damage_And_Injuries
8772,Significant_Damage_And_Serious_Injuries
8773,Highly_Fatal_And_Damaging
8776,Significant_Damage_And_Serious_Injuries
8780,Significant_Damage_And_Serious_Injuries
8781,Significant_Damage_And_Fatalities
8786,Minor_Damage_And_Injuries
8791,Significant_Damage_And_Serious_Injuries
8793,Significant_Damage_And_Serious_Injuries
8796,Significant_Damage_And_Fatalities
8798,Highly_Fatal_And_Damaging
8804,Highly_Fatal_And_Damaging
8812,Highly_Fatal_And_Damaging
8815,Highly_Fatal_And_Damaging
8862,Significant_Damage_And_Serious_Injuries
8867,Highly_Fatal_And_Damaging
8870,Significant_Damage_And_Serious_Injuries
8873,Highly_Fatal_And_Damaging
8875,Highly_Fatal_And_Damaging
8881,Significant_Damage_And_Fatalities
8882,Minor_Damage_And_Injuries
8901,Significant_Damage_And_Fatalities
8903,Highly_Fatal_And_Damaging
8905,Significant_Damage_And_Serious_Injuries
8908,Significant_Damage_And_Serious_Injuries
8909,Highly_Fatal_And_Damaging
8913,Highly_Fatal_And_Damaging
8916,Significant_Damage_And_Serious_Injuries
8931,Significant_Damage_And_Fatalities
8936,Highly_Fatal_And_Damaging
8943,Highly_Fatal_And_Damaging
8944,Highly_Fatal_And_Damaging
8961,Highly_Fatal_And_Damaging
8970,Significant_Damage_And_Serious_Injuries
8976,Significant_Damage_And_Fatalities
8983,Significant_Damage_And_Fatalities
8989,Highly_Fatal_And_Damaging
8998,Highly_Fatal_And_Damaging
8999,Highly_Fatal_And_Damaging
9002,Highly_Fatal_And_Damaging
9013,Highly_Fatal_And_Damaging
9014,Minor_Damage_And_Injuries
9018,Significant_Damage_And_Fatalities
9026,Minor_Damage_And_Injuries
9027,Highly_Fatal_And_Damaging
9033,Highly_Fatal_And_Damaging
9035,Highly_Fatal_And_Damaging
9040,Highly_Fatal_And_Damaging
9047,Highly_Fatal_And_Damaging
9049,Highly_Fatal_And_Damaging
9051,Highly_Fatal_And_Damaging
9057,Minor_Damage_And_Injuries
9072,Significant_Damage_And_Serious_Injuries
9078,Minor_Damage_And_Injuries
9080,Highly_Fatal_And_Damaging
9081,Minor_Damage_And_Injuries
9083,Minor_Damage_And_Injuries
9088,Highly_Fatal_And_Damaging
9089,Significant_Damage_And_Serious_Injuries
9109,Highly_Fatal_And_Damaging
9111,Significant_Damage_And_Serious_Injuries
9113,Highly_Fatal_And_Damaging
9117,Minor_Damage_And_Injuries
9119,Highly_Fatal_And_Damaging
9123,Significant_Damage_And_Serious_Injuries
9127,Significant_Damage_And_Serious_Injuries
9135,Highly_Fatal_And_Damaging
9139,Significant_Damage_And_Serious_Injuries
9143,Highly_Fatal_And_Damaging
9148,Highly_Fatal_And_Damaging
9160,Highly_Fatal_And_Damaging
9166,Highly_Fatal_And_Damaging
9176,Highly_Fatal_And_Damaging
9177,Significant_Damage_And_Serious_Injuries
9178,Highly_Fatal_And_Damaging
9181,Minor_Damage_And_Injuries
9185,Significant_Damage_And_Serious_Injuries
9187,Minor_Damage_And_Injuries
9192,Highly_Fatal_And_Damaging
9200,Highly_Fatal_And_Damaging
9212,Significant_Damage_And_Fatalities
9219,Highly_Fatal_And_Damaging
9230,Minor_Damage_And_Injuries
9231,Highly_Fatal_And_Damaging
9232,Highly_Fatal_And_Damaging
9239,Highly_Fatal_And_Damaging
9242,Highly_Fatal_And_Damaging
9245,Minor_Damage_And_Injuries
9247,Highly_Fatal_And_Damaging
9250,Highly_Fatal_And_Damaging
9252,Highly_Fatal_And_Damaging
9257,Significant_Damage_And_Serious_Injuries
9260,Minor_Damage_And_Injuries
9264,Significant_Damage_And_Serious_Injuries
9266,Highly_Fatal_And_Damaging
9270,Significant_Damage_And_Serious_Injuries
9274,Highly_Fatal_And_Damaging
9279,Highly_Fatal_And_Damaging
9281,Minor_Damage_And_Injuries
9282,Significant_Damage_And_Serious_Injuries
9283,Minor_Damage_And_Injuries
9292,Highly_Fatal_And_Damaging
9300,Minor_Damage_And_Injuries
9302,Significant_Damage_And_Serious_Injuries
9303,Significant_Damage_And_Serious_Injuries
9308,Significant_Damage_And_Serious_Injuries
9313,Significant_Damage_And_Serious_Injuries
9321,Significant_Damage_And_Serious_Injuries
9324,Significant_Damage_And_Serious_Injuries
9333,Significant_Damage_And_Fatalities
9340,Minor_Damage_And_Injuries
9349,Highly_Fatal_And_Damaging
9351,Highly_Fatal_And_Damaging
9352,Highly_Fatal_And_Damaging
9353,Minor_Damage_And_Injuries
9359,Minor_Damage_And_Injuries
9363,Significant_Damage_And_Serious_Injuries
9365,Significant_Damage_And_Fatalities
9373,Minor_Damage_And_Injuries
9377,Significant_Damage_And_Fatalities
9383,Highly_Fatal_And_Damaging
9389,Highly_Fatal_And_Damaging
9392,Significant_Damage_And_Fatalities
9400,Highly_Fatal_And_Damaging
9401,Highly_Fatal_And_Damaging
9407,Significant_Damage_And_Serious_Injuries
9408,Minor_Damage_And_Injuries
9417,Minor_Damage_And_Injuries
9423,Highly_Fatal_And_Damaging
9424,Highly_Fatal_And_Damaging
9430,Highly_Fatal_And_Damaging
9449,Highly_Fatal_And_Damaging
9452,Significant_Damage_And_Fatalities
9453,Significant_Damage_And_Serious_Injuries
9456,Highly_Fatal_And_Damaging
9461,Minor_Damage_And_Injuries
9463,Significant_Damage_And_Fatalities
9465,Highly_Fatal_And_Damaging
9471,Significant_Damage_And_Fatalities
9484,Significant_Damage_And_Serious_Injuries
9489,Significant_Damage_And_Serious_Injuries
9495,Highly_Fatal_And_Damaging
9508,Minor_Damage_And_Injuries
9515,Highly_Fatal_And_Damaging
9521,Minor_Damage_And_Injuries
9528,Minor_Damage_And_Injuries
9534,Highly_Fatal_And_Damaging
9539,Highly_Fatal_And_Damaging
9540,Significant_Damage_And_Fatalities
9553,Highly_Fatal_And_Damaging
9557,Minor_Damage_And_Injuries
9565,Highly_Fatal_And_Damaging
9572,Significant_Damage_And_Fatalities
9583,Highly_Fatal_And_Damaging
9584,Significant_Damage_And_Fatalities
9585,Significant_Damage_And_Serious_Injuries
9588,Highly_Fatal_And_Damaging
9591,Significant_Damage_And_Serious_Injuries
9595,Highly_Fatal_And_Damaging
9602,Minor_Damage_And_Injuries
9612,Significant_Damage_And_Serious_Injuries
9615,Highly_Fatal_And_Damaging
9622,Significant_Damage_And_Serious_Injuries
9632,Minor_Damage_And_Injuries
9636,Minor_Damage_And_Injuries
9640,Significant_Damage_And_Serious_Injuries
9641,Highly_Fatal_And_Damaging
9648,Significant_Damage_And_Serious_Injuries
9659,Minor_Damage_And_Injuries
9667,Minor_Damage_And_Injuries
9669,Significant_Damage_And_Serious_Injuries
9672,Minor_Damage_And_Injuries
9689,Significant_Damage_And_Serious_Injuries
9694,Highly_Fatal_And_Damaging
9695,Highly_Fatal_And_Damaging
9696,Highly_Fatal_And_Damaging
9699,Minor_Damage_And_Injuries
9717,Significant_Damage_And_Fatalities
9720,Highly_Fatal_And_Damaging
9721,Significant_Damage_And_Serious_Injuries
9729,Highly_Fatal_And_Damaging
9736,Significant_Damage_And_Serious_Injuries
9740,Minor_Damage_And_Injuries
9746,Highly_Fatal_And_Damaging
9748,Minor_Damage_And_Injuries
9750,Highly_Fatal_And_Damaging
9751,Significant_Damage_And_Serious_Injuries
9755,Minor_Damage_And_Injuries
9757,Significant_Damage_And_Fatalities
9759,Significant_Damage_And_Serious_Injuries
9761,Highly_Fatal_And_Damaging
9770,Highly_Fatal_And_Damaging
9778,Minor_Damage_And_Injuries
9779,Minor_Damage_And_Injuries
9783,Minor_Damage_And_Injuries
9784,Minor_Damage_And_Injuries
9791,Minor_Damage_And_Injuries
9798,Minor_Damage_And_Injuries
9804,Highly_Fatal_And_Damaging
9809,Minor_Damage_And_Injuries
9811,Minor_Damage_And_Injuries
9817,Significant_Damage_And_Fatalities
9818,Highly_Fatal_And_Damaging
9819,Highly_Fatal_And_Damaging
9820,Highly_Fatal_And_Damaging
9838,Significant_Damage_And_Serious_Injuries
9840,Highly_Fatal_And_Damaging
9856,Highly_Fatal_And_Damaging
9858,Minor_Damage_And_Injuries
9861,Highly_Fatal_And_Damaging
9864,Significant_Damage_And_Serious_Injuries
9866,Highly_Fatal_And_Damaging
9889,Highly_Fatal_And_Damaging
9890,Minor_Damage_And_Injuries
9894,Minor_Damage_And_Injuries
9896,Highly_Fatal_And_Damaging
9900,Highly_Fatal_And_Damaging
9901,Highly_Fatal_And_Damaging
9903,Highly_Fatal_And_Damaging
9905,Minor_Damage_And_Injuries
9906,Significant_Damage_And_Serious_Injuries
9912,Highly_Fatal_And_Damaging
9913,Significant_Damage_And_Serious_Injuries
9915,Significant_Damage_And_Fatalities
9918,Highly_Fatal_And_Damaging
9919,Minor_Damage_And_Injuries
9920,Minor_Damage_And_Injuries
9924,Minor_Damage_And_Injuries
9925,Minor_Damage_And_Injuries
9930,Highly_Fatal_And_Damaging
9936,Minor_Damage_And_Injuries
9939,Significant_Damage_And_Serious_Injuries
9945,Significant_Damage_And_Serious_Injuries
9947,Highly_Fatal_And_Damaging
9948,Minor_Damage_And_Injuries
9956,Significant_Damage_And_Serious_Injuries
9963,Highly_Fatal_And_Damaging
9965,Minor_Damage_And_Injuries
9969,Significant_Damage_And_Serious_Injuries
9972,Significant_Damage_And_Serious_Injuries
9980,Minor_Damage_And_Injuries
9985,Significant_Damage_And_Serious_Injuries
9991,Significant_Damage_And_Serious_Injuries
9999,Minor_Damage_And_Injuries
10000,Highly_Fatal_And_Damaging
10002,Highly_Fatal_And_Damaging
10004,Minor_Damage_And_Injuries
10006,Significant_Damage_And_Serious_Injuries
10008,Highly_Fatal_And_Damaging
10024,Highly_Fatal_And_Damaging
10032,Minor_Damage_And_Injuries
10038,Minor_Damage_And_Injuries
10054,Highly_Fatal_And_Damaging
10057,Significant_Damage_And_Serious_Injuries
10062,Significant_Damage_And_Fatalities
10069,Highly_Fatal_And_Damaging
10074,Significant_Damage_And_Fatalities
10085,Highly_Fatal_And_Damaging
10086,Minor_Damage_And_Injuries
10089,Significant_Damage_And_Serious_Injuries
10092,Minor_Damage_And_Injuries
10102,Highly_Fatal_And_Damaging
10104,Highly_Fatal_And_Damaging
10112,Highly_Fatal_And_Damaging
10114,Significant_Damage_And_Serious_Injuries
10129,Highly_Fatal_And_Damaging
10134,Significant_Damage_And_Serious_Injuries
10138,Significant_Damage_And_Fatalities
10145,Highly_Fatal_And_Damaging
10152,Minor_Damage_And_Injuries
10156,Significant_Damage_And_Serious_Injuries
10171,Minor_Damage_And_Injuries
10182,Minor_Damage_And_Injuries
10183,Significant_Damage_And_Fatalities
10185,Minor_Damage_And_Injuries
10194,Minor_Damage_And_Injuries
10199,Significant_Damage_And_Serious_Injuries
10212,Highly_Fatal_And_Damaging
10220,Highly_Fatal_And_Damaging
10222,Highly_Fatal_And_Damaging
10233,Highly_Fatal_And_Damaging
10235,Significant_Damage_And_Serious_Injuries
10236,Significant_Damage_And_Serious_Injuries
10243,Significant_Damage_And_Fatalities
10247,Highly_Fatal_And_Damaging
10251,Minor_Damage_And_Injuries
10253,Minor_Damage_And_Injuries
10263,Highly_Fatal_And_Damaging
10273,Highly_Fatal_And_Damaging
10276,Highly_Fatal_And_Damaging
10282,Highly_Fatal_And_Damaging
10291,Highly_Fatal_And_Damaging
10298,Significant_Damage_And_Serious_Injuries
10300,Significant_Damage_And_Serious_Injuries
10303,Highly_Fatal_And_Damaging
10306,Highly_Fatal_And_Damaging
10307,Significant_Damage_And_Fatalities
10310,Significant_Damage_And_Serious_Injuries
10316,Significant_Damage_And_Serious_Injuries
10324,Significant_Damage_And_Fatalities
10325,Significant_Damage_And_Serious_Injuries
10331,Significant_Damage_And_Serious_Injuries
10332,Significant_Damage_And_Serious_Injuries
10338,Significant_Damage_And_Fatalities
10351,Minor_Damage_And_Injuries
10358,Highly_Fatal_And_Damaging
10359,Highly_Fatal_And_Damaging
10360,Significant_Damage_And_Fatalities
10366,Highly_Fatal_And_Damaging
10372,Minor_Damage_And_Injuries
10374,Highly_Fatal_And_Damaging
10390,Significant_Damage_And_Serious_Injuries
10400,Minor_Damage_And_Injuries
10404,Significant_Damage_And_Serious_Injuries
10406,Highly_Fatal_And_Damaging
10425,Highly_Fatal_And_Damaging
10442,Significant_Damage_And_Serious_Injuries
10452,Minor_Damage_And_Injuries
10465,Significant_Damage_And_Fatalities
10467,Significant_Damage_And_Fatalities
10480,Highly_Fatal_And_Damaging
10483,Minor_Damage_And_Injuries
10486,Significant_Damage_And_Serious_Injuries
10490,Highly_Fatal_And_Damaging
10491,Significant_Damage_And_Serious_Injuries
10495,Significant_Damage_And_Serious_Injuries
10496,Significant_Damage_And_Fatalities
10504,Highly_Fatal_And_Damaging
10506,Significant_Damage_And_Fatalities
10508,Highly_Fatal_And_Damaging
10514,Highly_Fatal_And_Damaging
10515,Highly_Fatal_And_Damaging
10517,Significant_Damage_And_Serious_Injuries
10518,Highly_Fatal_And_Damaging
10520,Minor_Damage_And_Injuries
10527,Highly_Fatal_And_Damaging
10535,Significant_Damage_And_Fatalities
10536,Highly_Fatal_And_Damaging
10547,Minor_Damage_And_Injuries
10553,Significant_Damage_And_Serious_Injuries
10555,Highly_Fatal_And_Damaging
10556,Significant_Damage_And_Fatalities
10557,Highly_Fatal_And_Damaging
10560,Highly_Fatal_And_Damaging
10572,Highly_Fatal_And_Damaging
10573,Minor_Damage_And_Injuries
10582,Significant_Damage_And_Fatalities
10587,Significant_Damage_And_Serious_Injuries
10588,Minor_Damage_And_Injuries
10596,Significant_Damage_And_Serious_Injuries
10600,Highly_Fatal_And_Damaging
10601,Highly_Fatal_And_Damaging
10604,Significant_Damage_And_Serious_Injuries
10607,Minor_Damage_And_Injuries
10613,Highly_Fatal_And_Damaging
10618,Highly_Fatal_And_Damaging
10621,Highly_Fatal_And_Damaging
10624,Highly_Fatal_And_Damaging
10633,Significant_Damage_And_Serious_Injuries
10638,Highly_Fatal_And_Damaging
10640,Significant_Damage_And_Serious_Injuries
10644,Highly_Fatal_And_Damaging
10647,Significant_Damage_And_Serious_Injuries
10653,Significant_Damage_And_Serious_Injuries
10657,Significant_Damage_And_Serious_Injuries
10658,Highly_Fatal_And_Damaging
10670,Highly_Fatal_And_Damaging
10674,Significant_Damage_And_Fatalities
10685,Significant_Damage_And_Fatalities
10687,Highly_Fatal_And_Damaging
10691,Minor_Damage_And_Injuries
10692,Highly_Fatal_And_Damaging
10698,Minor_Damage_And_Injuries
10699,Highly_Fatal_And_Damaging
10702,Highly_Fatal_And_Damaging
10711,Significant_Damage_And_Serious_Injuries
10713,Significant_Damage_And_Fatalities
10718,Highly_Fatal_And_Damaging
10729,Significant_Damage_And_Serious_Injuries
10733,Significant_Damage_And_Serious_Injuries
10736,Highly_Fatal_And_Damaging
10737,Significant_Damage_And_Serious_Injuries
10740,Highly_Fatal_And_Damaging
10746,Significant_Damage_And_Serious_Injuries
10748,Highly_Fatal_And_Damaging
10749,Minor_Damage_And_Injuries
10750,Highly_Fatal_And_Damaging
10751,Highly_Fatal_And_Damaging
10753,Highly_Fatal_And_Damaging
10776,Significant_Damage_And_Serious_Injuries
10781,Highly_Fatal_And_Damaging
10786,Significant_Damage_And_Fatalities
10792,Significant_Damage_And_Serious_Injuries
10798,Significant_Damage_And_Serious_Injuries
10799,Highly_Fatal_And_Damaging
10808,Highly_Fatal_And_Damaging
10809,Highly_Fatal_And_Damaging
10810,Significant_Damage_And_Fatalities
10812,Highly_Fatal_And_Damaging
10813,Minor_Damage_And_Injuries
10815,Highly_Fatal_And_Damaging
10819,Highly_Fatal_And_Damaging
10821,Highly_Fatal_And_Damaging
10826,Significant_Damage_And_Serious_Injuries
10832,Significant_Damage_And_Serious_Injuries
10836,Minor_Damage_And_Injuries
10846,Highly_Fatal_And_Damaging
10853,Significant_Damage_And_Serious_Injuries
10854,Significant_Damage_And_Serious_Injuries
10866,Significant_Damage_And_Serious_Injuries
10867,Minor_Damage_And_Injuries
10875,Highly_Fatal_And_Damaging
10882,Significant_Damage_And_Serious_Injuries
10892,Highly_Fatal_And_Damaging
10895,Significant_Damage_And_Serious_Injuries
10915,Highly_Fatal_And_Damaging
10921,Highly_Fatal_And_Damaging
10926,Highly_Fatal_And_Damaging
10927,Highly_Fatal_And_Damaging
10934,Highly_Fatal_And_Damaging
10936,Highly_Fatal_And_Damaging
10938,Highly_Fatal_And_Damaging
10941,Significant_Damage_And_Serious_Injuries
10953,Highly_Fatal_And_Damaging
10956,Highly_Fatal_And_Damaging
10957,Highly_Fatal_And_Damaging
10959,Significant_Damage_And_Serious_Injuries
10960,Significant_Damage_And_Serious_Injuries
10963,Highly_Fatal_And_Damaging
10970,Highly_Fatal_And_Damaging
10981,Minor_Damage_And_Injuries
10982,Minor_Damage_And_Injuries
10984,Highly_Fatal_And_Damaging
10988,Significant_Damage_And_Serious_Injuries
10996,Minor_Damage_And_Injuries
11002,Minor_Damage_And_Injuries
11011,Significant_Damage_And_Serious_Injuries
11017,Significant_Damage_And_Fatalities
11019,Minor_Damage_And_Injuries
11024,Minor_Damage_And_Injuries
11029,Highly_Fatal_And_Damaging
11030,Highly_Fatal_And_Damaging
11032,Significant_Damage_And_Serious_Injuries
11036,Minor_Damage_And_Injuries
11037,Significant_Damage_And_Serious_Injuries
11040,Highly_Fatal_And_Damaging
11043,Highly_Fatal_And_Damaging
11051,Highly_Fatal_And_Damaging
11055,Highly_Fatal_And_Damaging
11056,Minor_Damage_And_Injuries
11059,Minor_Damage_And_Injuries
11063,Highly_Fatal_And_Damaging
11067,Highly_Fatal_And_Damaging
11069,Highly_Fatal_And_Damaging
11080,Highly_Fatal_And_Damaging
11082,Minor_Damage_And_Injuries
11083,Highly_Fatal_And_Damaging
11095,Highly_Fatal_And_Damaging
11102,Highly_Fatal_And_Damaging
11114,Highly_Fatal_And_Damaging
11115,Highly_Fatal_And_Damaging
11122,Highly_Fatal_And_Damaging
11125,Highly_Fatal_And_Damaging
11132,Highly_Fatal_And_Damaging
11140,Significant_Damage_And_Serious_Injuries
11147,Highly_Fatal_And_Damaging
11148,Significant_Damage_And_Serious_Injuries
11151,Minor_Damage_And_Injuries
11156,Minor_Damage_And_Injuries
11168,Highly_Fatal_And_Damaging
11174,Highly_Fatal_And_Damaging
11175,Minor_Damage_And_Injuries
11180,Highly_Fatal_And_Damaging
11189,Significant_Damage_And_Serious_Injuries
11193,Highly_Fatal_And_Damaging
11196,Highly_Fatal_And_Damaging
11197,Significant_Damage_And_Fatalities
11198,Highly_Fatal_And_Damaging
11199,Highly_Fatal_And_Damaging
11204,Minor_Damage_And_Injuries
11211,Significant_Damage_And_Serious_Injuries
11225,Significant_Damage_And_Serious_Injuries
11235,Highly_Fatal_And_Damaging
11239,Highly_Fatal_And_Damaging
11241,Minor_Damage_And_Injuries
11250,Highly_Fatal_And_Damaging
11251,Highly_Fatal_And_Damaging
11254,Minor_Damage_And_Injuries
11260,Significant_Damage_And_Serious_Injuries
11261,Highly_Fatal_And_Damaging
11263,Minor_Damage_And_Injuries
11267,Highly_Fatal_And_Damaging
11270,Significant_Damage_And_Serious_Injuries
11272,Significant_Damage_And_Serious_Injuries
11275,Highly_Fatal_And_Damaging
11276,Significant_Damage_And_Serious_Injuries
11280,Significant_Damage_And_Fatalities
11282,Highly_Fatal_And_Damaging
11287,Significant_Damage_And_Serious_Injuries
11289,Significant_Damage_And_Serious_Injuries
11291,Minor_Damage_And_Injuries
11293,Highly_Fatal_And_Damaging
11297,Minor_Damage_And_Injuries
11301,Significant_Damage_And_Serious_Injuries
11308,Minor_Damage_And_Injuries
11309,Highly_Fatal_And_Damaging
11310,Highly_Fatal_And_Damaging
11311,Highly_Fatal_And_Damaging
11312,Significant_Damage_And_Serious_Injuries
11315,Significant_Damage_And_Serious_Injuries
11317,Highly_Fatal_And_Damaging
11326,Minor_Damage_And_Injuries
11334,Highly_Fatal_And_Damaging
11337,Significant_Damage_And_Serious_Injuries
11339,Significant_Damage_And_Serious_Injuries
11346,Minor_Damage_And_Injuries
11347,Minor_Damage_And_Injuries
11348,Highly_Fatal_And_Damaging
11352,Minor_Damage_And_Injuries
11357,Minor_Damage_And_Injuries
11360,Highly_Fatal_And_Damaging
11368,Significant_Damage_And_Fatalities
11396,Highly_Fatal_And_Damaging
11405,Significant_Damage_And_Serious_Injuries
11411,Highly_Fatal_And_Damaging
11412,Minor_Damage_And_Injuries
11414,Minor_Damage_And_Injuries
11417,Significant_Damage_And_Fatalities
11421,Highly_Fatal_And_Damaging
11424,Significant_Damage_And_Serious_Injuries
11428,Significant_Damage_And_Serious_Injuries
11436,Highly_Fatal_And_Damaging
11438,Significant_Damage_And_Fatalities
11439,Minor_Damage_And_Injuries
11449,Significant_Damage_And_Fatalities
11454,Highly_Fatal_And_Damaging
11456,Highly_Fatal_And_Damaging
11458,Significant_Damage_And_Serious_Injuries
11460,Highly_Fatal_And_Damaging
11461,Minor_Damage_And_Injuries
11467,Highly_Fatal_And_Damaging
11468,Minor_Damage_And_Injuries
11480,Highly_Fatal_And_Damaging
11485,Minor_Damage_And_Injuries
11486,Significant_Damage_And_Serious_Injuries
11491,Significant_Damage_And_Fatalities
11498,Highly_Fatal_And_Damaging
11501,Highly_Fatal_And_Damaging
11502,Significant_Damage_And_Serious_Injuries
11506,Highly_Fatal_And_Damaging
11521,Highly_Fatal_And_Damaging
11523,Highly_Fatal_And_Damaging
11524,Minor_Damage_And_Injuries
11529,Highly_Fatal_And_Damaging
11532,Minor_Damage_And_Injuries
11542,Highly_Fatal_And_Damaging
11555,Highly_Fatal_And_Damaging
11559,Highly_Fatal_And_Damaging
11563,Significant_Damage_And_Serious_Injuries
11566,Significant_Damage_And_Fatalities
11572,Highly_Fatal_And_Damaging
11575,Highly_Fatal_And_Damaging
11577,Highly_Fatal_And_Damaging
11579,Minor_Damage_And_Injuries
11581,Highly_Fatal_And_Damaging
11591,Highly_Fatal_And_Damaging
11594,Highly_Fatal_And_Damaging
11598,Significant_Damage_And_Serious_Injuries
11599,Minor_Damage_And_Injuries
11601,Significant_Damage_And_Serious_Injuries
11602,Highly_Fatal_And_Damaging
11603,Highly_Fatal_And_Damaging
11610,Significant_Damage_And_Fatalities
11611,Highly_Fatal_And_Damaging
11614,Significant_Damage_And_Serious_Injuries
11621,Minor_Damage_And_Injuries
11625,Significant_Damage_And_Serious_Injuries
11632,Significant_Damage_And_Serious_Injuries
11633,Highly_Fatal_And_Damaging
11639,Significant_Damage_And_Serious_Injuries
11643,Minor_Damage_And_Injuries
11647,Highly_Fatal_And_Damaging
11648,Highly_Fatal_And_Damaging
11650,Significant_Damage_And_Serious_Injuries
11657,Minor_Damage_And_Injuries
11662,Highly_Fatal_And_Damaging
11667,Highly_Fatal_And_Damaging
11681,Highly_Fatal_And_Damaging
11687,Highly_Fatal_And_Damaging
11691,Minor_Damage_And_Injuries
11707,Significant_Damage_And_Serious_Injuries
11708,Highly_Fatal_And_Damaging
11722,Highly_Fatal_And_Damaging
11726,Highly_Fatal_And_Damaging
11729,Significant_Damage_And_Serious_Injuries
11735,Highly_Fatal_And_Damaging
11739,Significant_Damage_And_Serious_Injuries
11741,Highly_Fatal_And_Damaging
11748,Minor_Damage_And_Injuries
11749,Significant_Damage_And_Serious_Injuries
11757,Significant_Damage_And_Serious_Injuries
11758,Highly_Fatal_And_Damaging
11765,Highly_Fatal_And_Damaging
11766,Highly_Fatal_And_Damaging
11770,Significant_Damage_And_Serious_Injuries
11772,Significant_Damage_And_Fatalities
11778,Significant_Damage_And_Serious_Injuries
11786,Highly_Fatal_And_Damaging
11789,Minor_Damage_And_Injuries
11797,Minor_Damage_And_Injuries
11800,Minor_Damage_And_Injuries
11804,Highly_Fatal_And_Damaging
11810,Significant_Damage_And_Serious_Injuries
11842,Significant_Damage_And_Fatalities
11843,Highly_Fatal_And_Damaging
11847,Significant_Damage_And_Serious_Injuries
11848,Highly_Fatal_And_Damaging
11849,Significant_Damage_And_Serious_Injuries
11850,Significant_Damage_And_Serious_Injuries
11876,Highly_Fatal_And_Damaging
11879,Significant_Damage_And_Serious_Injuries
11882,Highly_Fatal_And_Damaging
11890,Highly_Fatal_And_Damaging
11894,Minor_Damage_And_Injuries
11897,Minor_Damage_And_Injuries
11900,Highly_Fatal_And_Damaging
11904,Highly_Fatal_And_Damaging
11913,Highly_Fatal_And_Damaging
11933,Minor_Damage_And_Injuries
11943,Highly_Fatal_And_Damaging
11944,Highly_Fatal_And_Damaging
11949,Significant_Damage_And_Serious_Injuries
11952,Minor_Damage_And_Injuries
11957,Significant_Damage_And_Fatalities
11960,Highly_Fatal_And_Damaging
11975,Minor_Damage_And_Injuries
11978,Highly_Fatal_And_Damaging
11983,Significant_Damage_And_Serious_Injuries
11990,Significant_Damage_And_Serious_Injuries
12002,Significant_Damage_And_Serious_Injuries
12004,Significant_Damage_And_Serious_Injuries
12011,Highly_Fatal_And_Damaging
12016,Significant_Damage_And_Fatalities
12020,Significant_Damage_And_Serious_Injuries
12023,Minor_Damage_And_Injuries
12024,Highly_Fatal_And_Damaging
12025,Highly_Fatal_And_Damaging
12045,Highly_Fatal_And_Damaging
12051,Minor_Damage_And_Injuries
12054,Highly_Fatal_And_Damaging
12055,Highly_Fatal_And_Damaging
12060,Minor_Damage_And_Injuries
12065,Significant_Damage_And_Serious_Injuries
12068,Significant_Damage_And_Serious_Injuries
12069,Significant_Damage_And_Serious_Injuries
12070,Significant_Damage_And_Fatalities
12072,Significant_Damage_And_Serious_Injuries
12079,Significant_Damage_And_Serious_Injuries
12080,Significant_Damage_And_Serious_Injuries
12086,Significant_Damage_And_Serious_Injuries
12096,Highly_Fatal_And_Damaging
12105,Minor_Damage_And_Injuries
12106,Significant_Damage_And_Serious_Injuries
12107,Highly_Fatal_And_Damaging
12121,Significant_Damage_And_Serious_Injuries
12125,Significant_Damage_And_Serious_Injuries
12133,Highly_Fatal_And_Damaging
12134,Minor_Damage_And_Injuries
12150,Highly_Fatal_And_Damaging
12152,Minor_Damage_And_Injuries
12163,Highly_Fatal_And_Damaging
12173,Significant_Damage_And_Serious_Injuries
12186,Significant_Damage_And_Fatalities
12188,Significant_Damage_And_Serious_Injuries
12191,Minor_Damage_And_Injuries
12193,Significant_Damage_And_Serious_Injuries
12196,Significant_Damage_And_Serious_Injuries
12198,Significant_Damage_And_Serious_Injuries
12222,Minor_Damage_And_Injuries
12224,Minor_Damage_And_Injuries
12225,Highly_Fatal_And_Damaging
12229,Highly_Fatal_And_Damaging
12234,Significant_Damage_And_Serious_Injuries
12235,Highly_Fatal_And_Damaging
12236,Highly_Fatal_And_Damaging
12246,Significant_Damage_And_Fatalities
12250,Significant_Damage_And_Serious_Injuries
12263,Minor_Damage_And_Injuries
12264,Minor_Damage_And_Injuries
12269,Significant_Damage_And_Serious_Injuries
12277,Minor_Damage_And_Injuries
12292,Minor_Damage_And_Injuries
12310,Highly_Fatal_And_Damaging
12318,Highly_Fatal_And_Damaging
12329,Highly_Fatal_And_Damaging
12332,Minor_Damage_And_Injuries
12340,Significant_Damage_And_Serious_Injuries
12346,Highly_Fatal_And_Damaging
12353,Highly_Fatal_And_Damaging
12354,Highly_Fatal_And_Damaging
12356,Highly_Fatal_And_Damaging
12366,Minor_Damage_And_Injuries
12367,Highly_Fatal_And_Damaging
12378,Highly_Fatal_And_Damaging
12389,Highly_Fatal_And_Damaging
12390,Significant_Damage_And_Serious_Injuries
12402,Minor_Damage_And_Injuries
12406,Significant_Damage_And_Serious_Injuries
12412,Highly_Fatal_And_Damaging
12413,Highly_Fatal_And_Damaging
12415,Highly_Fatal_And_Damaging
12420,Highly_Fatal_And_Damaging
12423,Highly_Fatal_And_Damaging
12432,Highly_Fatal_And_Damaging
12433,Highly_Fatal_And_Damaging
12435,Significant_Damage_And_Fatalities
12436,Highly_Fatal_And_Damaging
12437,Highly_Fatal_And_Damaging
12438,Highly_Fatal_And_Damaging
12442,Significant_Damage_And_Serious_Injuries
12444,Highly_Fatal_And_Damaging
12446,Highly_Fatal_And_Damaging
12461,Significant_Damage_And_Fatalities
12473,Highly_Fatal_And_Damaging
12474,Highly_Fatal_And_Damaging
12476,Minor_Damage_And_Injuries
12484,Highly_Fatal_And_Damaging
12487,Minor_Damage_And_Injuries
12488,Significant_Damage_And_Serious_Injuries
12491,Minor_Damage_And_Injuries
12493,Highly_Fatal_And_Damaging